Commit SHA,Repo,Changed Files,Actual Config Warning?,Strict Config Warning?,Preventable? (Y/N),Confidence (High/Med/Low) - Project's ESLint,Confidence (High/Med/Low) - Our ESLint,Commit Name,Notes
a57b5981bcce062882798d83282be647879cc80c,https://github.com/langx/langx.git,app/complete/language/step2.tsx,N,N,N,High,High,fix: update language selection to use filtered languages and remove debug log.,"4 unused-vars warnings on project's ESLINT, 6 errors for no-unused-var in strict. Misses leftover debug and does not catch filter logic error."
18db80b7045314de3e5a5633ef8f8378c5f77807,https://github.com/langx/langx.git,a/app/(home)/settings.tsx,N,N,N,High,High,🐛 : Logout recursive logs bug,"1 no-unused-vars warning in projects, same issue but as an error for strict. Logic error. The linter cannot validate that the string literal root was the incorrect navigation path."
9bc840d402196c9c9ef13de1ba8caeda0bb86775,https://github.com/clairefro/obsidian-plugin-chronos.git,a/main.ts,N,N,N,High,High,fix multi-toggle bug,"13 unexpected any in projects, flagged usage of any (Type Safety), but missed the logic bug regarding DOM traversal/toggle state. Strict config flagged 21 hygiene issues (any, unused-vars, invalid void type) but missed the DOM traversal logic error"
dc8fef00f6c3128e407472c384fdcecfdc14bdfe,https://github.com/clairefro/obsidian-plugin-chronos.git,"lib/chronosMoment.ts, lib/flags/OrderBy.ts",N,N,N,High,High, update tsconfig to fix upcoming deprecations,"Project linter found unrelated style issues (prefer-const, no-explicit-any), but failed to validate that the import paths were broken. Strict config flagged style issues (consistent-type-definitions, no-explicit-any, prefer-const) but missed the broken import paths caused by the tsconfig change."
b7878202d8583cde617b6cb79def584617cb9887,https://github.com/OpenAgentPlatform/Dive.git,electron/main/deeplink.ts,N,N,N,High,High, fix: add Content-Type header to OAP token fetch request,No output from project's linter or strict linter. Missing API header (Content-Type). Linters cannot validate external API contracts or server requirements.
d5e221401bd9648f6ee986d10bcf1f8c4e7a2dce,https://github.com/OpenAgentPlatform/Dive.git,src/views/Chat/index.tsx,N,N,N,High,High,  fix: setCurrentChatId when start a new chat,"Logic error (missing React state update). The Project linter (Condition A) flagged 8 exhaustive-deps warnings. The Strict linter (Condition B) flagged 13 hygiene issues (any, non-null-assertion). Although the Project linter warnings mentioned the setCurrentChatId variable in the context of dependencies, resolving this warning would only update the dependency array, not insert the missing function call required to fix the bug. The warnings persisted identically post-fix, confirming they were unrelated."
3cfaba89946488e8cc1e9c1b68df15180f7e6ae8,https://github.com/ota-meshi/eslint-plugin-astro.git,"tools/lib/utils.ts, tools/update-meta.ts",N/A : linter crashed,N,N,Low,High,chore: fix build script,Project linter crashed because it relies on build artifacts (lib/) that were not present in the raw commit. Strict config missed the runtime error (missing try-catch). It only flagged an unused eslint-disable directive comment in a different file.
b21e8fb52abc069e87e6809b5d01bb78617b68ba,https://github.com/tiagosiebler/bybit-api.git,"src/index.ts, src/rest-client-v5.ts, src/websocket-client.ts, src/types/request/v5-trade.ts, src/types/response/index.ts, src/types/response/v5-spot-leverage-token.ts, src/types/websockets/index.ts, src/types/websockets/ws-events.ts, src/util/BaseRestClient.ts, src/util/BaseWSClient.ts, src/util/requestUtils.ts, src/util/typeGuards.ts, src/util/websockets/websocket-util.ts",N,Y,Y,High,High (for one issue),"feat(v4.1.17): update dependencies and ESLint configuration, fix all linter errors","Definitive instance of Tool Adoption / Linter-Driven Development. The commit simultaneously modified the ESLint configuration (enabling simple-import-sort) and refactored the codebase to comply. Condition A Analysis: The pre-fix project linter returned 0 errors (functionality verified via sanity check), proving that the refactor was not fixing pre-existing violations but was driven entirely by the new rules introduced in this commit. Condition B Analysis: The Strict linter flagged 43 issues. Crucially, it identified no-unused-vars in websocket-client.ts, which matches the specific lines the developer fixed (by adding suppression comments). Post-fix analysis showed the Strict error count dropped from 43 to 41, confirming the developer fixed exactly what the linter highlighted while ignoring other strict hygiene suggestions. However, the Strict linter did not flag the import sorting, confirming that the massive file reordering was driven by the project's custom plugin adoption (simple-import-sort) rather than standard strict rules."
59a9e59d927f9ffe80123ef9035d239dce20fcb9,https://github.com/mazzzystar/tinymind,components/Header.tsx,N,N,N,High,High,fix tab switch.,"Logic / UI State. The bug involved incorrect conditions for displaying tabs. Neither linter flagged the logic, and standard strict rules do not ban console.log. (No output for either linter)"
b4caa15e410911b54dcc89f23f860084a53d7d56,https://github.com/mazzzystar/tinymind,lib/githubApi.ts,N,N,N,High,High,fix read blog list.,"Performance / API Rate Limiting bug. The fix replaced parallel requests (Promise.all) with sequential execution (for...of) to avoid hitting GitHub API limits. Condition A  found no errors in the modified file. Condition B (Strict Config) flagged 3 unrelated hygiene issues: consistent-type-definitions , no-inferrable-types (Line 863), and no-unused-vars. All 3 strict warnings persisted identically after the fix, confirming they were unrelated style issues. The linter could not detect that the valid TypeScript code was causing runtime API throttling."
81f5ca42f027bb6d0738a4217559c629636b67e4,https://github.com/deniszholob/factorio-cheat-sheet.git,src/app/cheat-sheets/game-base/space-age/space-age.data.ts,Y,Y,Y,High,High, Update space-age.data.ts   Fix error.,Syntax Error. The code was invalid TypeScript (parsing error). Both linters correctly identified that the file could not be parsed and identified the exact line.
7e0746792a476fef930a8696323a006b72dcb301,https://github.com/deniszholob/factorio-cheat-sheet.git,src/app/views/nav/nav.component.ts,N,N,N,High,High,"  New cheat sheet template missing collapse logic, fix 1px off to show sidebar","Logic / Off-by-one error. The fix added missing event subscription logic and corrected a comparison operator (> to >=). Project linter caught no issues. The Strict linter found 0 issues in the main template file. It flagged 2 style issues (no-inferrable-types) in the nav component, but they were unrelated to the logic fix."
"362997324ed78d5cc0121cf8c5b3db196ae78337",https://github.com/ghostfolio/ghostfolio.git,N/A: Not a bug,N/A: Not a bug,N/A: Not a bug,N,High,High,"Task/enforce module boundaries for ui module (#5947),  * feat(lib): move ConfirmationDialogType to common lib,  * fix(lib): move SubscriptionType to enums,  * feat(lib): move validateObjectForForm util to common lib,  * feat(lib): move GfDialogFooterComponent to ui lib, * feat(lib): move GfDialogHeaderComponent to ui lib","False Positive. Refactoring task (enforcing module boundaries). The 'fix' keyword referred to moving a file location, not repairing broken logic."
e75be9d82a5831533fc0bb498730988a5dbb32a5,https://github.com/ghostfolio/ghostfolio.git,libs/common/src/lib/dtos/create-account-with-balances.dto.ts,N/A : linter crashed,N,N,Low,High," Bugfix/fix type error in CreateAccountWithBalancesDto (#5945) * Refactor import","Refactor / Import Cycle. The developer moved an import to fix a 'Type Error' likely caused by a circular dependency or build order issue. The project linter crashed. The Strict linter found no issues with the file, as standard linters do not validate file system resolution or circular dependencies by default."
fd4872e1a9c87e1d2ff908140e48fb7c3cb71a18, https://github.com/xdan/jodit.git,tools/minimizer/js.ts,N,N,N,High,High,fix: disable unsafe_arrows compression option for better safety,"Build Configuration. The fix changed a setting (unsafe_arrows: false) in the minifier configuration. Linters validate code syntax, not the logical correctness of 3rd-party tool configurations."
2a02f99a0f9f31f19b18da4ce7060531bb838919, https://github.com/xdan/jodit.git,src/core/selection/style/transactions.ts,N,N,N,High,High,[fix]: prevent block element splitting when applying inline styles (#1281),Logic / DOM Manipulation error. The fix prevented an undesirable behavior (splitting block elements) when applying inline styles. Both linters found zero issues because the original code was syntactically valid TypeScript; the error was in the specific domain logic of how the editor handles DOM selections.
2c2dc935a6354bd46e379075a11da39918de7aa3,https://github.com/mrjono1/joi-to-typescript.git,"src/__tests__/defaults/defaults.ts, /src/parse.ts",N,N,N,High,High, Fix bad export keyword in case an object has a default value. We need to use `export type =` instead of `export interface`.,"Logic / Code Generation error. The code was generating syntactically incorrect TypeScript output (export interface instead of export type) for a specific edge case. Project linter had no output, ours only found ""Unused eslint-disable directive"" warnings."
9fa815cddd8bdb44059c874027aaf11459dcb5d5,https://github.com/eirikpre/VSCode-SystemVerilog.git,"src/parser.ts, /src/providers/ModuleInstantiator.ts",N,N,N,High,High," fix: add local import capability - Change regex for block declaration - Change the checks for parameterized module","Logic / Parser Implementation error. The fix updated a Regular Expression to correctly parse SystemVerilog imports and improved whitespace handling. ]Project found nothing. Strict found 33 hygiene issues (array-type, prefer-for-of) but could not validate that the regex logic was insufficient for the target language grammar. All 33 issues remained post-fix."
97ae29416ef1637d9ddc6e095dfc83a52860bca2,https://github.com/eirikpre/VSCode-SystemVerilog.git,src/providers/ModuleInstantiator.ts,Y,N,Y,Med,High,lint fix,"Linter Driven Cleanup. The project linter (via eslint-plugin-prettier) flagged a trailing whitespace error on a line of commented-out code. Instead of fixing the whitespace, the developer deleted the entire commented block, leading to medium confidence that the linter helped correct the bug. The Strict linter (which does not enforce Prettier rules) ignored the block entirely, only flagging unrelated unused-disable-directive warnings that persisted after the fix."
e5b2e1a7c0282aba496ffe2806201778b84a96fc,https://github.com/argos-ci/jest-puppeteer.git,"packages/expect-puppeteer/src/index.ts, packages/expect-puppeteer/src/matchers/toClick.ts",N,N,N,High,High,fix: fix types resolution when importing jest types from @jest/globals (#602),Type Resolution / Declaration error. The fix adjusted global type declarations to support @jest/globals. Both linters missed the logic error. The Strict linter flagged one unrelated style issue (prefer-function-type) that persisted after the fix.
8897f604a091804d139dc5d8a39afbaf8ce0230b,https://github.com/argos-ci/jest-puppeteer.git,packages/expect-puppeteer/src/matchers/toFill.ts,Y,Y,Y,High,High,chore: fix linting issue,"Hygiene / Unused Variable. The developer removed an unused exception variable in a catch block (catch (e) -> catch). Both the Project and Strict linters explicitly flagged the unused variable e, and the warning disappeared after the fix."