repo_full_name,commit_sha,file_name,error_count,warning_count,fixable_error_count,fixable_warning_count,total_issues,violated_rules_list
djyde/cusdis,1a26d02f72f43ec9fcf8951c79205c7009650a6e,service/subscription.service.ts,0,0,0,0,0,[]
djyde/cusdis,53c4a6a8c6e71082306cdcc7f05128306a65d653,service/subscription.service.ts,0,0,0,0,0,[]
djyde/cusdis,200086e78845a79b0f0f396ae4873b78c842dcd5,components/Layout.tsx,0,0,0,0,0,[]
djyde/cusdis,1b74aad75e23a699e47f3226a90a02e8ba19cc2c,next-env.d.ts,0,0,0,0,0,[]
djyde/cusdis,45f5ac02fa27229f5edbe99e234142f090b82b16,config.server.ts,0,0,0,0,0,[]
djyde/cusdis,45f5ac02fa27229f5edbe99e234142f090b82b16,utils.server.ts,0,0,0,0,0,[]
djyde/cusdis,6b3adc84b917cf0f1c2d88db9c4bdf73fc295f23,pages/api/open/project/[projectId]/comments/count.ts,0,0,0,0,0,[]
djyde/cusdis,e8b5abe8eeecabc8686fa14c7ab779452de80b1c,pages/index.tsx,0,0,0,0,0,[]
reactjs/react-docgen,fef84b3a083024fd4f7902ecee1174b17f3151fa,packages/website/src/components/Select.tsx,0,0,0,0,0,[]
reactjs/react-docgen,fef84b3a083024fd4f7902ecee1174b17f3151fa,packages/website/src/components/users/User.tsx,0,0,0,0,0,[]
reactjs/react-docgen,a122bffae060ada1c486b17cc667262be7360234,packages/react-docgen/src/utils/__tests__/getMemberExpressionValuePath-test.ts,0,0,0,0,0,[]
reactjs/react-docgen,a122bffae060ada1c486b17cc667262be7360234,packages/react-docgen/src/utils/__tests__/resolveToValue-test.ts,0,0,0,0,0,[]
reactjs/react-docgen,a122bffae060ada1c486b17cc667262be7360234,packages/react-docgen/src/utils/getMemberExpressionValuePath.ts,0,0,0,0,0,[]
reactjs/react-docgen,c236b1aace5404cc59aa7f5142d956b2ac16cf3a,packages/react-docgen/src/utils/getParameterName.ts,0,0,0,0,0,[]
aeharding/voyager,90c745d2cac530a5f54cc972239c1a0d064f9f11,src/features/media/gallery/actions/VideoActionsProgress.tsx,0,0,0,0,0,[]
aeharding/voyager,b00c21d3fa0b1fecab01b2e8a2ab1fe6ede50579,src/features/shared/markdown/editing/Editor.tsx,0,0,0,0,0,[]
aeharding/voyager,eb124f845c6732b1264562030229fa3c307416ae,src/features/shared/markdown/InlineMarkdown.tsx,0,0,0,0,0,[]
aeharding/voyager,96507f86fce26cf5847bab2f43afad031b5a00c9,src/features/community/list/GuestCommunitiesList.tsx,0,0,0,0,0,[]
aeharding/voyager,a299c1b752c9c2f6c71dad996dc70f1876b8217f,src/features/labels/Ago.test.ts,0,0,0,0,0,[]
aeharding/voyager,083f7cc3fc00a0ba09e42ccea9e240ce5d09d959,src/features/community/list/AlphabetJump.tsx,0,0,0,0,0,[]
jpmorganchase/jupyter-fs,f73ca01b61d8acc4aa2808d23c10b8e2c306bda4,js/src/treefinder.ts,0,0,0,0,0,[]
microsoft/SandDance,dae445e85ac5e1df615098361b9a3975ac6ad9ed,packages/sanddance-explorer/src/dialogs/search.tsx,0,0,0,0,0,[]
microsoft/SandDance,cc522ac96d84643163b729d1c4550aa238935ac8,extensions/common-backend/src/html.ts,0,0,0,0,0,[]
microsoft/SandDance,a73e2e08f1164ba61a250975a51d8f061b78d84a,packages/powerbi/src/version.ts,0,0,0,0,0,[]
microsoft/SandDance,a73e2e08f1164ba61a250975a51d8f061b78d84a,packages/sanddance-embed/src/deps.ts,0,0,0,0,0,[]
microsoft/SandDance,a73e2e08f1164ba61a250975a51d8f061b78d84a,packages/sanddance-explorer/src/controls/dataExporterHtml.ts,0,0,0,0,0,[]
microsoft/SandDance,6d70580799ca72a0892238a9e732a81c66bef164,packages/fluentui-icons/src/fabric-icons.ts,0,0,0,0,0,[]
microsoft/SandDance,6d70580799ca72a0892238a9e732a81c66bef164,packages/fluentui-icons/src/index.ts,0,0,0,0,0,[]
microsoft/SandDance,6d70580799ca72a0892238a9e732a81c66bef164,packages/fluentui-react-cdn-typings/index.d.ts,0,0,0,0,0,[]
microsoft/SandDance,6d70580799ca72a0892238a9e732a81c66bef164,packages/powerbi/src/fluentUIComponents.ts,0,0,0,0,0,[]
microsoft/SandDance,6d70580799ca72a0892238a9e732a81c66bef164,packages/sanddance-app/src/fluentUIComponents.ts,0,0,0,0,0,[]
microsoft/SandDance,6d70580799ca72a0892238a9e732a81c66bef164,packages/sanddance-embed/src/deps.ts,0,0,0,0,0,[]
microsoft/SandDance,6d70580799ca72a0892238a9e732a81c66bef164,packages/sanddance-embed/src/sanddance-embed.ts,0,0,0,0,0,[]
microsoft/SandDance,6d70580799ca72a0892238a9e732a81c66bef164,streamlit/streamlit_sanddance/frontend/src/fluentUIComponents.ts,0,0,0,0,0,[]
microsoft/SandDance,714931b7e07f515a70d8afe87a1b46bd24566bf9,extensions/azdata-sanddance/src/azdata.proposed.d.ts,0,0,0,0,0,[]
microsoft/SandDance,628f0288fe7e8df3d3b7ad01ebf66f3f7a3b10ba,packages/sanddance-explorer/src/dialogs/backgroundImageEditor.tsx,0,0,0,0,0,[]
microsoft/SandDance,56f5d99df27920e696780d75310edcf0b5efdbd0,packages/sanddance-test-umd/src/qualBarChartTest.ts,0,0,0,0,0,[]
microsoft/SandDance,56f5d99df27920e696780d75310edcf0b5efdbd0,packages/sanddance-test-umd/src/quanBarChartTest.ts,0,0,0,0,0,[]
microsoft/SandDance,56f5d99df27920e696780d75310edcf0b5efdbd0,packages/sanddance-test-umd/src/scatterplotTest.ts,0,0,0,0,0,[]
microsoft/SandDance,56f5d99df27920e696780d75310edcf0b5efdbd0,packages/sanddance-test-umd/src/test.ts,0,0,0,0,0,[]
microsoft/SandDance,56f5d99df27920e696780d75310edcf0b5efdbd0,packages/sanddance-test-umd/src/transforms.ts,0,0,0,0,0,[]
microsoft/SandDance,56f5d99df27920e696780d75310edcf0b5efdbd0,packages/sanddance-test-umd/src/transition.ts,0,0,0,0,0,[]
microsoft/SandDance,56f5d99df27920e696780d75310edcf0b5efdbd0,packages/sanddance-test-umd/src/treeMapTest.ts,0,0,0,0,0,[]
microsoft/SandDance,56f5d99df27920e696780d75310edcf0b5efdbd0,packages/sanddance-test-umd/src/vega-morphcharts.test.ts,0,0,0,0,0,[]
microsoft/SandDance,56f5d99df27920e696780d75310edcf0b5efdbd0,packages/sanddance-test-umd/src/vega.d.ts,0,0,0,0,0,[]
microsoft/SandDance,56f5d99df27920e696780d75310edcf0b5efdbd0,packages/vega-deck.gl/src/deck.gl-classes/orbitController.ts,0,0,0,0,0,[]
microsoft/SandDance,56f5d99df27920e696780d75310edcf0b5efdbd0,packages/vega-deck.gl/src/presenter.ts,0,0,0,0,0,[]
microsoft/SandDance,a6c28c8d13e05bea288647b264fcb0bd4d17f560,packages/powerbi/src/version.ts,0,0,0,0,0,[]
forkphorus/forkphorus,06d7b44fde9a4e79a983db081df73b962ecb2d6c,src/sb2.ts,0,0,0,0,0,[]
forkphorus/forkphorus,3d907be7735ecff9808276faff1710971d15548b,src/player.ts,0,0,0,0,0,[]
forkphorus/forkphorus,3d907be7735ecff9808276faff1710971d15548b,src/sb3.ts,0,0,0,0,0,[]
forkphorus/forkphorus,c6b3be133d002357c00f5b800ab0600bff9bc153,src/sb3.ts,0,0,0,0,0,[]
forkphorus/forkphorus,d8e7f4f795a7f941c4fe89385c6fdbb29c2edfae,src/player.ts,0,0,0,0,0,[]
forkphorus/forkphorus,0196719ab55ac71b5eb25a3d5decf9478874a1ed,src/player.ts,0,0,0,0,0,[]
forkphorus/forkphorus,0196719ab55ac71b5eb25a3d5decf9478874a1ed,src/utils.ts,0,0,0,0,0,[]
forkphorus/forkphorus,a8960e7ae42f5702d560a4ede6801f494a048f32,src/rendering/canvas2d.ts,0,0,0,0,0,[]
gitcoinco/easy-retro-pgf,3aa5f670aa39cb3a964f5a249be45c4de3f4311e,src/features/distribute/components/Distributions.tsx,0,0,0,0,0,[]
gitcoinco/easy-retro-pgf,98efde2d884fb816875b813cdcf7da429dbf7e1e,src/config.ts,0,0,0,0,0,[]
gitcoinco/easy-retro-pgf,0010ca52b6d4e47f614449f76ad0e394676ec07e,src/features/voters/hooks/useImportVoters.ts,0,0,0,0,0,[]
gitcoinco/easy-retro-pgf,027276a8cbfffd0a0b7e7e74280dc248c4e7ead9,src/server/api/routers/ballot.ts,0,0,0,0,0,[]
gitcoinco/easy-retro-pgf,fd2b435dc3b8840c270522f8ea33c7513417de01,src/server/api/routers/applications.ts,0,0,0,0,0,[]
gitcoinco/easy-retro-pgf,e1f461568feb813ff54a824da7aea6648ae8a460,src/components/AllocationInput.tsx,0,0,0,0,0,[]
gitcoinco/easy-retro-pgf,e1f461568feb813ff54a824da7aea6648ae8a460,src/features/ballot/components/BallotOverview.tsx,0,0,0,0,0,[]
gitcoinco/easy-retro-pgf,e1f461568feb813ff54a824da7aea6648ae8a460,src/pages/[domain]/admin/voters/index.tsx,0,0,0,0,0,[]
gitcoinco/easy-retro-pgf,e1f461568feb813ff54a824da7aea6648ae8a460,src/server/api/routers/ballot.ts,0,0,0,0,0,[]
gitcoinco/easy-retro-pgf,e1f461568feb813ff54a824da7aea6648ae8a460,src/server/api/routers/voters.ts,0,0,0,0,0,[]
gitcoinco/easy-retro-pgf,e1f461568feb813ff54a824da7aea6648ae8a460,src/server/api/trpc.ts,0,0,0,0,0,[]
gitcoinco/easy-retro-pgf,e1f461568feb813ff54a824da7aea6648ae8a460,src/utils/csv.ts,0,0,0,0,0,[]
gitcoinco/easy-retro-pgf,fd8a62916addf47c2ca0110940441a6fc98ec827,src/features/projects/components/Projects.tsx,0,0,0,0,0,[]
gitcoinco/easy-retro-pgf,fd8a62916addf47c2ca0110940441a6fc98ec827,src/hooks/useResults.ts,0,0,0,0,0,[]
gitcoinco/easy-retro-pgf,35af8dd7bcfb6f4473248f7bbad8dd7f7b9974f5,src/server/api/routers/ballot.ts,0,0,0,0,0,[]
gitcoinco/easy-retro-pgf,e869ecfeb8dd17380ba148b9ede4f6f1ec66fbcb,src/utils/calculateResults.ts,0,0,0,0,0,[]
gitcoinco/easy-retro-pgf,56d5d2fc5ace8cd151ce70376f1216fdfba5e584,src/features/distribute/hooks/useAlloPool.ts,0,0,0,0,0,[]
daidodo/format-imports,d894141ef26684b8ac83ddd4b031a620f0a06b8d,src/bin/check.ts,0,0,0,0,0,[]
daidodo/format-imports,d894141ef26684b8ac83ddd4b031a620f0a06b8d,src/bin/format.ts,0,0,0,0,0,[]
daidodo/format-imports,d894141ef26684b8ac83ddd4b031a620f0a06b8d,src/lib/config/importSorter.ts,0,0,0,0,0,[]
daidodo/format-imports,d894141ef26684b8ac83ddd4b031a620f0a06b8d,src/lib/config/prettier.ts,0,0,0,0,0,[]
daidodo/format-imports,d894141ef26684b8ac83ddd4b031a620f0a06b8d,src/test/lib/examples/prettier/singleQuote/false/origin.ts,0,0,0,0,0,[]
daidodo/format-imports,d894141ef26684b8ac83ddd4b031a620f0a06b8d,src/test/lib/examples/prettier/singleQuote/true/origin.ts,0,0,0,0,0,[]
daidodo/format-imports,d894141ef26684b8ac83ddd4b031a620f0a06b8d,src/test/lib/formatSource.test.ts,0,0,0,0,0,[]
daidodo/format-imports,25f2922f3374a2959e65c6f7a67692306cf5234b,src/lib/format/main/format.ts,0,0,0,0,0,[]
daidodo/format-imports,25f2922f3374a2959e65c6f7a67692306cf5234b,src/lib/format/main/vue.ts,0,0,0,0,0,[]
daidodo/format-imports,25f2922f3374a2959e65c6f7a67692306cf5234b,src/test/lib/examples/nothing/trim.origin.ts,0,0,0,0,0,[]
daidodo/format-imports,25f2922f3374a2959e65c6f7a67692306cf5234b,src/test/lib/formatSource.test.ts,0,0,0,0,0,[]
typescript-eslint/typescript-eslint,ab5914bad334ebe5f796d1c755b8cd8e6d759256,packages/eslint-plugin-internal/src/util/createRule.ts,0,0,0,0,0,[]
typescript-eslint/typescript-eslint,997e0c005d2d80a726249cafb7cbdf4ec287aea3,packages/eslint-plugin-internal/tests/rules/no-poorly-typed-ts-props.test.ts,0,0,0,0,0,[]
typescript-eslint/typescript-eslint,997e0c005d2d80a726249cafb7cbdf4ec287aea3,packages/eslint-plugin-internal/tests/rules/plugin-test-formatting.test.ts,0,0,0,0,0,[]
typescript-eslint/typescript-eslint,997e0c005d2d80a726249cafb7cbdf4ec287aea3,packages/eslint-plugin/tests/RuleTester.ts,0,0,0,0,0,[]
typescript-eslint/typescript-eslint,997e0c005d2d80a726249cafb7cbdf4ec287aea3,packages/eslint-plugin/tests/rules/await-thenable.test.ts,0,0,0,0,0,[]
typescript-eslint/typescript-eslint,997e0c005d2d80a726249cafb7cbdf4ec287aea3,packages/eslint-plugin/tests/rules/consistent-return.test.ts,0,0,0,0,0,[]
typescript-eslint/typescript-eslint,997e0c005d2d80a726249cafb7cbdf4ec287aea3,packages/eslint-plugin/tests/rules/consistent-type-exports.test.ts,0,0,0,0,0,[]
typescript-eslint/typescript-eslint,997e0c005d2d80a726249cafb7cbdf4ec287aea3,packages/eslint-plugin/tests/rules/dot-notation.test.ts,0,0,0,0,0,[]
typescript-eslint/typescript-eslint,997e0c005d2d80a726249cafb7cbdf4ec287aea3,packages/eslint-plugin/tests/rules/naming-convention/naming-convention.test.ts,0,0,0,0,0,[]
typescript-eslint/typescript-eslint,997e0c005d2d80a726249cafb7cbdf4ec287aea3,packages/eslint-plugin/tests/rules/no-array-delete.test.ts,0,0,0,0,0,[]
typescript-eslint/typescript-eslint,997e0c005d2d80a726249cafb7cbdf4ec287aea3,packages/eslint-plugin/tests/rules/no-base-to-string.test.ts,0,0,0,0,0,[]
typescript-eslint/typescript-eslint,997e0c005d2d80a726249cafb7cbdf4ec287aea3,packages/eslint-plugin/tests/rules/no-confusing-void-expression.test.ts,0,0,0,0,0,[]
typescript-eslint/typescript-eslint,997e0c005d2d80a726249cafb7cbdf4ec287aea3,packages/eslint-plugin/tests/rules/no-deprecated.test.ts,0,0,0,0,0,[]
typescript-eslint/typescript-eslint,997e0c005d2d80a726249cafb7cbdf4ec287aea3,packages/eslint-plugin/tests/rules/no-duplicate-type-constituents.test.ts,0,0,0,0,0,[]
typescript-eslint/typescript-eslint,997e0c005d2d80a726249cafb7cbdf4ec287aea3,packages/eslint-plugin/tests/rules/no-dynamic-delete.test.ts,0,0,0,0,0,[]
typescript-eslint/typescript-eslint,997e0c005d2d80a726249cafb7cbdf4ec287aea3,packages/eslint-plugin/tests/rules/no-floating-promises.test.ts,0,0,0,0,0,[]
typescript-eslint/typescript-eslint,997e0c005d2d80a726249cafb7cbdf4ec287aea3,packages/eslint-plugin/tests/rules/no-for-in-array.test.ts,0,0,0,0,0,[]
typescript-eslint/typescript-eslint,997e0c005d2d80a726249cafb7cbdf4ec287aea3,packages/eslint-plugin/tests/rules/no-implied-eval.test.ts,0,0,0,0,0,[]
typescript-eslint/typescript-eslint,997e0c005d2d80a726249cafb7cbdf4ec287aea3,packages/eslint-plugin/tests/rules/no-meaningless-void-operator.test.ts,0,0,0,0,0,[]
typescript-eslint/typescript-eslint,997e0c005d2d80a726249cafb7cbdf4ec287aea3,packages/eslint-plugin/tests/rules/no-misused-promises.test.ts,0,0,0,0,0,[]
typescript-eslint/typescript-eslint,997e0c005d2d80a726249cafb7cbdf4ec287aea3,packages/eslint-plugin/tests/rules/no-misused-spread.test.ts,0,0,0,0,0,[]
typescript-eslint/typescript-eslint,997e0c005d2d80a726249cafb7cbdf4ec287aea3,packages/eslint-plugin/tests/rules/no-mixed-enums.test.ts,0,0,0,0,0,[]
typescript-eslint/typescript-eslint,997e0c005d2d80a726249cafb7cbdf4ec287aea3,packages/eslint-plugin/tests/rules/no-redundant-type-constituents.test.ts,0,0,0,0,0,[]
typescript-eslint/typescript-eslint,997e0c005d2d80a726249cafb7cbdf4ec287aea3,packages/eslint-plugin/tests/rules/no-unnecessary-boolean-literal-compare.test.ts,0,0,0,0,0,[]
typescript-eslint/typescript-eslint,997e0c005d2d80a726249cafb7cbdf4ec287aea3,packages/eslint-plugin/tests/rules/no-unnecessary-condition.test.ts,0,0,0,0,0,[]
typescript-eslint/typescript-eslint,997e0c005d2d80a726249cafb7cbdf4ec287aea3,packages/eslint-plugin/tests/rules/no-unnecessary-qualifier.test.ts,0,0,0,0,0,[]
typescript-eslint/typescript-eslint,997e0c005d2d80a726249cafb7cbdf4ec287aea3,packages/eslint-plugin/tests/rules/no-unnecessary-template-expression.test.ts,0,0,0,0,0,[]
typescript-eslint/typescript-eslint,997e0c005d2d80a726249cafb7cbdf4ec287aea3,packages/eslint-plugin/tests/rules/no-unnecessary-type-arguments.test.ts,0,0,0,0,0,[]
typescript-eslint/typescript-eslint,997e0c005d2d80a726249cafb7cbdf4ec287aea3,packages/eslint-plugin/tests/rules/no-unnecessary-type-assertion.test.ts,0,0,0,0,0,[]
typescript-eslint/typescript-eslint,997e0c005d2d80a726249cafb7cbdf4ec287aea3,packages/eslint-plugin/tests/rules/no-unnecessary-type-conversion.test.ts,0,0,0,0,0,[]
typescript-eslint/typescript-eslint,997e0c005d2d80a726249cafb7cbdf4ec287aea3,packages/eslint-plugin/tests/rules/no-unnecessary-type-parameters.test.ts,0,0,0,0,0,[]
typescript-eslint/typescript-eslint,997e0c005d2d80a726249cafb7cbdf4ec287aea3,packages/eslint-plugin/tests/rules/no-unsafe-argument.test.ts,0,0,0,0,0,[]
typescript-eslint/typescript-eslint,997e0c005d2d80a726249cafb7cbdf4ec287aea3,packages/eslint-plugin/tests/rules/no-unsafe-assignment.test.ts,0,0,0,0,0,[]
typescript-eslint/typescript-eslint,997e0c005d2d80a726249cafb7cbdf4ec287aea3,packages/eslint-plugin/tests/rules/no-unsafe-call.test.ts,0,0,0,0,0,[]
typescript-eslint/typescript-eslint,997e0c005d2d80a726249cafb7cbdf4ec287aea3,packages/eslint-plugin/tests/rules/no-unsafe-declaration-merging.test.ts,0,0,0,0,0,[]
typescript-eslint/typescript-eslint,997e0c005d2d80a726249cafb7cbdf4ec287aea3,packages/eslint-plugin/tests/rules/no-unsafe-enum-comparison.test.ts,0,0,0,0,0,[]
typescript-eslint/typescript-eslint,997e0c005d2d80a726249cafb7cbdf4ec287aea3,packages/eslint-plugin/tests/rules/no-unsafe-type-assertion.test.ts,0,0,0,0,0,[]
typescript-eslint/typescript-eslint,997e0c005d2d80a726249cafb7cbdf4ec287aea3,packages/eslint-plugin/tests/rules/no-unsafe-unary-minus.test.ts,0,0,0,0,0,[]
typescript-eslint/typescript-eslint,997e0c005d2d80a726249cafb7cbdf4ec287aea3,packages/eslint-plugin/tests/rules/non-nullable-type-assertion-style.test.ts,0,0,0,0,0,[]
typescript-eslint/typescript-eslint,997e0c005d2d80a726249cafb7cbdf4ec287aea3,packages/eslint-plugin/tests/rules/only-throw-error.test.ts,0,0,0,0,0,[]
typescript-eslint/typescript-eslint,997e0c005d2d80a726249cafb7cbdf4ec287aea3,packages/eslint-plugin/tests/rules/prefer-destructuring.test.ts,0,0,0,0,0,[]
typescript-eslint/typescript-eslint,997e0c005d2d80a726249cafb7cbdf4ec287aea3,packages/eslint-plugin/tests/rules/prefer-find.test.ts,0,0,0,0,0,[]
typescript-eslint/typescript-eslint,997e0c005d2d80a726249cafb7cbdf4ec287aea3,packages/eslint-plugin/tests/rules/prefer-includes.test.ts,0,0,0,0,0,[]
typescript-eslint/typescript-eslint,997e0c005d2d80a726249cafb7cbdf4ec287aea3,packages/eslint-plugin/tests/rules/prefer-nullish-coalescing.test.ts,0,0,0,0,0,[]
typescript-eslint/typescript-eslint,997e0c005d2d80a726249cafb7cbdf4ec287aea3,packages/eslint-plugin/tests/rules/prefer-optional-chain/prefer-optional-chain.test.ts,0,0,0,0,0,[]
typescript-eslint/typescript-eslint,997e0c005d2d80a726249cafb7cbdf4ec287aea3,packages/eslint-plugin/tests/rules/prefer-promise-reject-errors.test.ts,0,0,0,0,0,[]
typescript-eslint/typescript-eslint,997e0c005d2d80a726249cafb7cbdf4ec287aea3,packages/eslint-plugin/tests/rules/prefer-readonly-parameter-types.test.ts,0,0,0,0,0,[]
typescript-eslint/typescript-eslint,997e0c005d2d80a726249cafb7cbdf4ec287aea3,packages/eslint-plugin/tests/rules/prefer-readonly.test.ts,0,0,0,0,0,[]
typescript-eslint/typescript-eslint,997e0c005d2d80a726249cafb7cbdf4ec287aea3,packages/eslint-plugin/tests/rules/prefer-reduce-type-parameter.test.ts,0,0,0,0,0,[]
typescript-eslint/typescript-eslint,997e0c005d2d80a726249cafb7cbdf4ec287aea3,packages/eslint-plugin/tests/rules/prefer-regexp-exec.test.ts,0,0,0,0,0,[]
typescript-eslint/typescript-eslint,997e0c005d2d80a726249cafb7cbdf4ec287aea3,packages/eslint-plugin/tests/rules/prefer-return-this-type.test.ts,0,0,0,0,0,[]
typescript-eslint/typescript-eslint,997e0c005d2d80a726249cafb7cbdf4ec287aea3,packages/eslint-plugin/tests/rules/prefer-string-starts-ends-with.test.ts,0,0,0,0,0,[]
typescript-eslint/typescript-eslint,997e0c005d2d80a726249cafb7cbdf4ec287aea3,packages/eslint-plugin/tests/rules/promise-function-async.test.ts,0,0,0,0,0,[]
typescript-eslint/typescript-eslint,997e0c005d2d80a726249cafb7cbdf4ec287aea3,packages/eslint-plugin/tests/rules/related-getter-setter-pairs.test.ts,0,0,0,0,0,[]
typescript-eslint/typescript-eslint,997e0c005d2d80a726249cafb7cbdf4ec287aea3,packages/eslint-plugin/tests/rules/require-array-sort-compare.test.ts,0,0,0,0,0,[]
typescript-eslint/typescript-eslint,997e0c005d2d80a726249cafb7cbdf4ec287aea3,packages/eslint-plugin/tests/rules/require-await.test.ts,0,0,0,0,0,[]
typescript-eslint/typescript-eslint,997e0c005d2d80a726249cafb7cbdf4ec287aea3,packages/eslint-plugin/tests/rules/restrict-plus-operands.test.ts,0,0,0,0,0,[]
typescript-eslint/typescript-eslint,997e0c005d2d80a726249cafb7cbdf4ec287aea3,packages/eslint-plugin/tests/rules/restrict-template-expressions.test.ts,0,0,0,0,0,[]
typescript-eslint/typescript-eslint,997e0c005d2d80a726249cafb7cbdf4ec287aea3,packages/eslint-plugin/tests/rules/return-await.test.ts,0,0,0,0,0,[]
typescript-eslint/typescript-eslint,997e0c005d2d80a726249cafb7cbdf4ec287aea3,packages/eslint-plugin/tests/rules/strict-boolean-expressions.test.ts,0,0,0,0,0,[]
typescript-eslint/typescript-eslint,997e0c005d2d80a726249cafb7cbdf4ec287aea3,packages/eslint-plugin/tests/rules/switch-exhaustiveness-check.test.ts,0,0,0,0,0,[]
typescript-eslint/typescript-eslint,997e0c005d2d80a726249cafb7cbdf4ec287aea3,packages/eslint-plugin/tests/rules/typedef.test.ts,0,0,0,0,0,[]
typescript-eslint/typescript-eslint,997e0c005d2d80a726249cafb7cbdf4ec287aea3,packages/eslint-plugin/tests/rules/unbound-method.test.ts,0,0,0,0,0,[]
typescript-eslint/typescript-eslint,997e0c005d2d80a726249cafb7cbdf4ec287aea3,packages/eslint-plugin/tests/rules/use-unknown-in-catch-callback-variable.test.ts,0,0,0,0,0,[]
typescript-eslint/typescript-eslint,997e0c005d2d80a726249cafb7cbdf4ec287aea3,packages/eslint-plugin/tests/util/getConstraintInfo.test.ts,0,0,0,0,0,[]
typescript-eslint/typescript-eslint,997e0c005d2d80a726249cafb7cbdf4ec287aea3,packages/eslint-plugin/tests/util/getWrappedCode.test.ts,0,0,0,0,0,[]
typescript-eslint/typescript-eslint,997e0c005d2d80a726249cafb7cbdf4ec287aea3,packages/eslint-plugin/tests/util/getWrappingFixer.test.ts,0,0,0,0,0,[]
typescript-eslint/typescript-eslint,997e0c005d2d80a726249cafb7cbdf4ec287aea3,packages/eslint-plugin/tests/util/isNodeEqual.test.ts,0,0,0,0,0,[]
typescript-eslint/typescript-eslint,997e0c005d2d80a726249cafb7cbdf4ec287aea3,packages/typescript-estree/src/parseSettings/createParseSettings.ts,0,0,0,0,0,[]
typescript-eslint/typescript-eslint,997e0c005d2d80a726249cafb7cbdf4ec287aea3,packages/typescript-estree/tests/lib/createParseSettings.test.ts,0,0,0,0,0,[]
typescript-eslint/typescript-eslint,997e0c005d2d80a726249cafb7cbdf4ec287aea3,packages/typescript-estree/tests/lib/parse.test.ts,0,0,0,0,0,[]
typescript-eslint/typescript-eslint,997e0c005d2d80a726249cafb7cbdf4ec287aea3,packages/typescript-estree/tests/lib/persistentParse.test.ts,0,0,0,0,0,[]
typescript-eslint/typescript-eslint,997e0c005d2d80a726249cafb7cbdf4ec287aea3,packages/typescript-estree/tests/lib/semanticInfo-singleRun.test.ts,0,0,0,0,0,[]
typescript-eslint/typescript-eslint,997e0c005d2d80a726249cafb7cbdf4ec287aea3,packages/typescript-estree/tests/lib/semanticInfo.test.ts,0,0,0,0,0,[]
typescript-eslint/typescript-eslint,7c6944e74b29a3310515a9de9333e20116165b58,packages/eslint-plugin-internal/src/rules/plugin-test-formatting.ts,0,0,0,0,0,[]
typescript-eslint/typescript-eslint,7c6944e74b29a3310515a9de9333e20116165b58,packages/eslint-plugin/src/rules/explicit-member-accessibility.ts,0,0,0,0,0,[]
typescript-eslint/typescript-eslint,7c6944e74b29a3310515a9de9333e20116165b58,packages/eslint-plugin/src/rules/no-misused-promises.ts,0,0,0,0,0,[]
typescript-eslint/typescript-eslint,7c6944e74b29a3310515a9de9333e20116165b58,packages/eslint-plugin/src/rules/no-misused-spread.ts,0,0,0,0,0,[]
typescript-eslint/typescript-eslint,7c6944e74b29a3310515a9de9333e20116165b58,packages/eslint-plugin/src/rules/no-unnecessary-template-expression.ts,0,0,0,0,0,[]
typescript-eslint/typescript-eslint,7c6944e74b29a3310515a9de9333e20116165b58,packages/eslint-plugin/src/rules/no-unnecessary-type-arguments.ts,0,0,0,0,0,[]
typescript-eslint/typescript-eslint,7c6944e74b29a3310515a9de9333e20116165b58,packages/eslint-plugin/src/rules/return-await.ts,0,0,0,0,0,[]
typescript-eslint/typescript-eslint,7c6944e74b29a3310515a9de9333e20116165b58,packages/eslint-plugin/src/util/collectUnusedVariables.ts,0,0,0,0,0,[]
typescript-eslint/typescript-eslint,7c6944e74b29a3310515a9de9333e20116165b58,packages/eslint-plugin/tests/rules/init-declarations.test.ts,0,0,0,0,0,[]
typescript-eslint/typescript-eslint,7c6944e74b29a3310515a9de9333e20116165b58,packages/eslint-plugin/tests/rules/naming-convention/naming-convention.test.ts,0,0,0,0,0,[]
typescript-eslint/typescript-eslint,7c6944e74b29a3310515a9de9333e20116165b58,packages/eslint-plugin/tests/rules/no-misused-promises.test.ts,0,0,0,0,0,[]
typescript-eslint/typescript-eslint,7c6944e74b29a3310515a9de9333e20116165b58,packages/eslint-plugin/tests/util/misc.test.ts,0,0,0,0,0,[]
typescript-eslint/typescript-eslint,7c6944e74b29a3310515a9de9333e20116165b58,packages/rule-tester/tests/RuleTester.test.ts,0,0,0,0,0,[]
typescript-eslint/typescript-eslint,7c6944e74b29a3310515a9de9333e20116165b58,packages/scope-manager/tests/eslint-scope/es6-block-scope.test.ts,0,0,0,0,0,[]
typescript-eslint/typescript-eslint,7c6944e74b29a3310515a9de9333e20116165b58,packages/scope-manager/tests/eslint-scope/global-return.test.ts,0,0,0,0,0,[]
typescript-eslint/typescript-eslint,7c6944e74b29a3310515a9de9333e20116165b58,packages/type-utils/tests/requiresQuoting.test.ts,0,0,0,0,0,[]
typescript-eslint/typescript-eslint,7c6944e74b29a3310515a9de9333e20116165b58,packages/typescript-eslint/src/index.ts,0,0,0,0,0,[]
typescript-eslint/typescript-eslint,7c6944e74b29a3310515a9de9333e20116165b58,packages/typescript-estree/tests/lib/semanticInfo-singleRun.test.ts,0,0,0,0,0,[]
typescript-eslint/typescript-eslint,189a7f76fc85661e0bebdedebd24a60c255e920d,packages/eslint-plugin/src/rules/promise-function-async.ts,0,0,0,0,0,[]
typescript-eslint/typescript-eslint,189a7f76fc85661e0bebdedebd24a60c255e920d,packages/eslint-plugin/tests/rules/promise-function-async.test.ts,0,0,0,0,0,[]
typescript-eslint/typescript-eslint,c779f3cd80c41ecfc279fd9c66651314b97d843e,packages/eslint-plugin/src/rules/no-deprecated.ts,0,0,0,0,0,[]
typescript-eslint/typescript-eslint,c779f3cd80c41ecfc279fd9c66651314b97d843e,packages/eslint-plugin/tests/rules/no-deprecated.test.ts,0,0,0,0,0,[]
typescript-eslint/typescript-eslint,26a9f9485faa45d269fd701b5fb8b11c97d75144,packages/eslint-plugin/src/rules/no-duplicate-enum-values.ts,0,0,0,0,0,[]
typescript-eslint/typescript-eslint,26a9f9485faa45d269fd701b5fb8b11c97d75144,packages/eslint-plugin/tests/rules/no-duplicate-enum-values.test.ts,0,0,0,0,0,[]
typescript-eslint/typescript-eslint,b8219d13dafd6bc5e425b51ad96810df1156b871,packages/eslint-plugin/src/rules/no-misused-promises.ts,0,0,0,0,0,[]
typescript-eslint/typescript-eslint,b8219d13dafd6bc5e425b51ad96810df1156b871,packages/eslint-plugin/tests/rules/no-misused-promises.test.ts,0,0,0,0,0,[]
typescript-eslint/typescript-eslint,4eda303cd6155bb267882c015da82601c558cd1c,packages/typescript-estree/src/check-modifiers.ts,0,0,0,0,0,[]
typescript-eslint/typescript-eslint,698e7a828893e8d755d65fc90fa3f81321eeddaf,packages/eslint-plugin/src/rules/prefer-optional-chain-utils/analyzeChain.ts,0,0,0,0,0,[]
typescript-eslint/typescript-eslint,698e7a828893e8d755d65fc90fa3f81321eeddaf,packages/eslint-plugin/tests/rules/prefer-optional-chain/prefer-optional-chain.test.ts,0,0,0,0,0,[]
daisyui/react-daisyui,275e2e90d5d146c8a96f38590fe856d80383c732,src/Modal/Modal.tsx,0,0,0,0,0,[]
daisyui/react-daisyui,935f4e57421313b66359df057234b4678dbda008,src/Avatar/Avatar.stories.tsx,0,0,0,0,0,[]
daisyui/react-daisyui,935f4e57421313b66359df057234b4678dbda008,src/Button/Button.stories.tsx,0,0,0,0,0,[]
daisyui/react-daisyui,935f4e57421313b66359df057234b4678dbda008,src/Card/Card.stories.tsx,0,0,0,0,0,[]
daisyui/react-daisyui,935f4e57421313b66359df057234b4678dbda008,src/Card/Card.test.tsx,0,0,0,0,0,[]
daisyui/react-daisyui,935f4e57421313b66359df057234b4678dbda008,src/Carousel/Carousel.stories.tsx,0,0,0,0,0,[]
daisyui/react-daisyui,935f4e57421313b66359df057234b4678dbda008,src/Carousel/Carousel.test.tsx,0,0,0,0,0,[]
daisyui/react-daisyui,935f4e57421313b66359df057234b4678dbda008,src/ChatBubble/ChatBubble.stories.tsx,0,0,0,0,0,[]
daisyui/react-daisyui,935f4e57421313b66359df057234b4678dbda008,src/ChatBubble/ChatBubble.test.tsx,0,0,0,0,0,[]
daisyui/react-daisyui,935f4e57421313b66359df057234b4678dbda008,src/Diff/Diff.stories.tsx,0,0,0,0,0,[]
daisyui/react-daisyui,935f4e57421313b66359df057234b4678dbda008,src/Hero/Hero.stories.tsx,0,0,0,0,0,[]
daisyui/react-daisyui,935f4e57421313b66359df057234b4678dbda008,src/Indicator/Indicator.stories.tsx,0,0,0,0,0,[]
daisyui/react-daisyui,935f4e57421313b66359df057234b4678dbda008,src/Mask/Mask.stories.tsx,0,0,0,0,0,[]
daisyui/react-daisyui,935f4e57421313b66359df057234b4678dbda008,src/Navbar/Navbar.stories.tsx,0,0,0,0,0,[]
daisyui/react-daisyui,935f4e57421313b66359df057234b4678dbda008,src/Stack/Stack.stories.tsx,0,0,0,0,0,[]
daisyui/react-daisyui,935f4e57421313b66359df057234b4678dbda008,src/Stats/Stats.stories.tsx,0,0,0,0,0,[]
daisyui/react-daisyui,935f4e57421313b66359df057234b4678dbda008,src/Table/Table.stories.tsx,0,0,0,0,0,[]
daisyui/react-daisyui,a010e43cc73a5dec8d36a77654da20dbf7aff7d8,src/Stats/Stats.test.tsx,0,0,0,0,0,[]
daisyui/react-daisyui,d054b29cb9bc56643e3b1db940f371d06b76b79c,src/Range/Range.tsx,0,0,0,0,0,[]
daisyui/react-daisyui,ad4cb0e27a1270ae606ef5cc91d16fe41454db07,src/Tabs/Tabs.stories.tsx,0,0,0,0,0,[]
daisyui/react-daisyui,e6f46a3ce523962d272d8693aa5b97d33a586357,src/Range/Range.tsx,0,0,0,0,0,[]
daisyui/react-daisyui,f8dd4fdd91aa9dcc028276955429c0a51764de3c,src/Divider/Divider.stories.tsx,0,0,0,0,0,[]
daisyui/react-daisyui,f8dd4fdd91aa9dcc028276955429c0a51764de3c,src/Divider/Divider.tsx,0,0,0,0,0,[]
daisyui/react-daisyui,2dfbf6fe0b5e8b3750c5fdf4e3584bdea000fa18,.storybook/StoryLayout.tsx,0,0,0,0,0,[]
daisyui/react-daisyui,2dfbf6fe0b5e8b3750c5fdf4e3584bdea000fa18,src/Tabs/Tab.tsx,0,0,0,0,0,[]
daisyui/react-daisyui,2dfbf6fe0b5e8b3750c5fdf4e3584bdea000fa18,src/Tabs/Tabs.stories.tsx,0,0,0,0,0,[]
daisyui/react-daisyui,2dfbf6fe0b5e8b3750c5fdf4e3584bdea000fa18,src/Tabs/Tabs.test.tsx,0,0,0,0,0,[]
daisyui/react-daisyui,2dfbf6fe0b5e8b3750c5fdf4e3584bdea000fa18,src/Tabs/Tabs.tsx,0,0,0,0,0,[]
daisyui/react-daisyui,2dfbf6fe0b5e8b3750c5fdf4e3584bdea000fa18,src/Tabs/index.tsx,0,0,0,0,0,[]
daisyui/react-daisyui,6478b1bd690719deaa89cf5ccc7a8ead43996b4b,src/Swap/Swap.tsx,0,0,0,0,0,[]
daisyui/react-daisyui,e0bf9c2736b11e4a707500a953f62d4274475189,src/Modal/Modal.stories.tsx,0,0,0,0,0,[]
daisyui/react-daisyui,e0bf9c2736b11e4a707500a953f62d4274475189,src/Modal/Modal.tsx,0,0,0,0,0,[]
pepperize/cdk-organizations,fb8b36cdbbd1af6782264f88b84798f16d27189f,.projenrc.ts,0,0,0,0,0,[]
pepperize/cdk-organizations,fb8b36cdbbd1af6782264f88b84798f16d27189f,src/account-provider/account-provider.ts,0,0,0,0,0,[]
pepperize/cdk-organizations,fb8b36cdbbd1af6782264f88b84798f16d27189f,src/account-provider/is-complete-handler-function.ts,0,0,0,0,0,[]
pepperize/cdk-organizations,fb8b36cdbbd1af6782264f88b84798f16d27189f,src/account-provider/on-event-handler-function.ts,0,0,0,0,0,[]
pepperize/cdk-organizations,fb8b36cdbbd1af6782264f88b84798f16d27189f,src/organization-provider/on-event-handler-function.ts,0,0,0,0,0,[]
pepperize/cdk-organizations,fb8b36cdbbd1af6782264f88b84798f16d27189f,src/organizational-unit-provider/on-event-handler-function.ts,0,0,0,0,0,[]
pepperize/cdk-organizations,fb8b36cdbbd1af6782264f88b84798f16d27189f,src/tag-resource-provider/on-event-handler-function.ts,0,0,0,0,0,[]
pepperize/cdk-organizations,fb8b36cdbbd1af6782264f88b84798f16d27189f,test/cdk-nag.test.ts,0,0,0,0,0,[]
pepperize/cdk-organizations,ff151b8f6aa1ed184982d8e080247f05da1e8a50,.projenrc.ts,0,0,0,0,0,[]
pepperize/cdk-organizations,ff151b8f6aa1ed184982d8e080247f05da1e8a50,src/account-provider/account-provider.ts,0,0,0,0,0,[]
pepperize/cdk-organizations,ff151b8f6aa1ed184982d8e080247f05da1e8a50,src/account-provider/is-complete-handler-function.ts,0,0,0,0,0,[]
pepperize/cdk-organizations,ff151b8f6aa1ed184982d8e080247f05da1e8a50,src/account-provider/on-event-handler-function.ts,0,0,0,0,0,[]
pepperize/cdk-organizations,ff151b8f6aa1ed184982d8e080247f05da1e8a50,src/organization-provider/on-event-handler-function.ts,0,0,0,0,0,[]
pepperize/cdk-organizations,ff151b8f6aa1ed184982d8e080247f05da1e8a50,src/organizational-unit-provider/on-event-handler-function.ts,0,0,0,0,0,[]
pepperize/cdk-organizations,ff151b8f6aa1ed184982d8e080247f05da1e8a50,src/tag-resource-provider/on-event-handler-function.ts,0,0,0,0,0,[]
pepperize/cdk-organizations,ff151b8f6aa1ed184982d8e080247f05da1e8a50,test/cdk-nag.test.ts,0,0,0,0,0,[]
axe312ger/sqip,694a2560a402c38c18653d311548ad518911e175,packages/sqip-plugin-blur/__tests__/unit/sqip-plugin-blur.test.ts,0,0,0,0,0,[]
axe312ger/sqip,694a2560a402c38c18653d311548ad518911e175,packages/sqip-plugin-blur/src/sqip-plugin-blur.ts,0,0,0,0,0,[]
axe312ger/sqip,622b262de0b1d6ccaeaed627479b0063ed0bf6c4,packages/sqip-plugin-primitive/src/sqip-plugin-primitive.ts,0,0,0,0,0,[]
axe312ger/sqip,4d63b17fd10364604df53cc85f847a2b8f910d42,packages/sqip-plugin-svgo/src/sqip-plugin-svgo.ts,0,0,0,0,0,[]
axe312ger/sqip,71108f34bdb344085fd0339599ef29eab3faf2a8,packages/sqip-plugin-blur/src/sqip-plugin-blur.ts,0,0,0,0,0,[]
axe312ger/sqip,71108f34bdb344085fd0339599ef29eab3faf2a8,packages/sqip-plugin-primitive/src/sqip-plugin-primitive.ts,0,0,0,0,0,[]
axe312ger/sqip,71108f34bdb344085fd0339599ef29eab3faf2a8,packages/sqip-plugin-triangle/src/sqip-plugin-triangle.ts,0,0,0,0,0,[]
axe312ger/sqip,71108f34bdb344085fd0339599ef29eab3faf2a8,packages/sqip/__tests__/unit/helpers.test.ts,0,0,0,0,0,[]
axe312ger/sqip,71108f34bdb344085fd0339599ef29eab3faf2a8,packages/sqip/src/helpers.ts,0,0,0,0,0,[]
axe312ger/sqip,dced6a88aad5d4d9e738b0f6a18de8680ba2415d,packages/sqip-plugin-blur/src/sqip-plugin-blur.ts,0,0,0,0,0,[]
axe312ger/sqip,dced6a88aad5d4d9e738b0f6a18de8680ba2415d,packages/sqip/src/sqip.ts,0,0,0,0,0,[]
axe312ger/sqip,89b7e2acc110c943e79b219df3c080adf6780521,packages/sqip-plugin-blurhash/typings/svgdom/index.d.ts,0,0,0,0,0,[]
axe312ger/sqip,89b7e2acc110c943e79b219df3c080adf6780521,packages/sqip-plugin-pixels/src/sqip-plugin-pixels.ts,0,0,0,0,0,[]
axe312ger/sqip,89b7e2acc110c943e79b219df3c080adf6780521,packages/sqip-plugin-pixels/typings/svgdom/index.d.ts,0,0,0,0,0,[]
axe312ger/sqip,9a9320450abe8f0cab69ef1cb4f85b0493398c91,packages/sqip-plugin-blur/__tests__/unit/sqip-plugin-blur.test.ts,0,0,0,0,0,[]
axe312ger/sqip,9a9320450abe8f0cab69ef1cb4f85b0493398c91,packages/sqip-plugin-blur/src/sqip-plugin-blur.ts,0,0,0,0,0,[]
axe312ger/sqip,9a9320450abe8f0cab69ef1cb4f85b0493398c91,packages/sqip-plugin-primitive/src/sqip-plugin-primitive.ts,0,0,0,0,0,[]
axe312ger/sqip,9a9320450abe8f0cab69ef1cb4f85b0493398c91,packages/sqip-plugin-triangle/src/sqip-plugin-triangle.ts,0,0,0,0,0,[]
axe312ger/sqip,9a9320450abe8f0cab69ef1cb4f85b0493398c91,packages/sqip/__tests__/unit/helpers.test.ts,0,0,0,0,0,[]
axe312ger/sqip,9a9320450abe8f0cab69ef1cb4f85b0493398c91,packages/sqip/src/helpers.ts,0,0,0,0,0,[]
daltonmenezes/aura-theme,895c8c2b4c8e67fe0016569efe06ca2058e2b284,src/ports/xcode/index.ts,0,0,0,0,0,[]
daltonmenezes/aura-theme,c11cd762a6e5cb0ba879b0b1c51ee074080e2a5c,src/core/modules/compiler/copy-extra-files.ts,0,0,0,0,0,[]
daltonmenezes/aura-theme,9e047dedee250b3b0ffbc0305c265def54e88fc1,src/core/modules/compiler/copy-extra-files.ts,0,0,0,0,0,[]
daltonmenezes/aura-theme,65f8febbbf1a3f148c0efc49f6ca649b149a8fbe,src/ports/alacritty/index.ts,0,0,0,0,0,[]
daltonmenezes/aura-theme,9bb266b07b388d34aaae25eda38f24812858bf71,src/ports/insomnia/index.ts,0,0,0,0,0,[]
daltonmenezes/aura-theme,b972ec99c4352f97371b05f50727bc63100d2690,src/ports/insomnia/index.ts,0,0,0,0,0,[]
foambubble/foam,4ee065ff9aed4570761b875de4b0b29a8075744e,packages/foam-vscode/src/features/preview/index.ts,0,0,0,0,0,[]
foambubble/foam,4ee065ff9aed4570761b875de4b0b29a8075744e,packages/foam-vscode/src/features/preview/wikilink-navigation.spec.ts,0,0,0,0,0,[]
foambubble/foam,df3cd90ce7595a8d8af1fb15025a8e51bd58152d,packages/foam-vscode/src/core/utils/hashtags.ts,0,0,0,0,0,[]
foambubble/foam,df3cd90ce7595a8d8af1fb15025a8e51bd58152d,packages/foam-vscode/src/core/utils/utils.test.ts,0,0,0,0,0,[]
foambubble/foam,0af6c4de15b9dcc58bfaca2daa59dd178b5fd9ed,packages/foam-vscode/src/core/services/datastore.ts,0,0,0,0,0,[]
foambubble/foam,0af6c4de15b9dcc58bfaca2daa59dd178b5fd9ed,packages/foam-vscode/src/extension.ts,0,0,0,0,0,[]
foambubble/foam,0af6c4de15b9dcc58bfaca2daa59dd178b5fd9ed,packages/foam-vscode/src/features/panels/orphans.ts,0,0,0,0,0,[]
foambubble/foam,0af6c4de15b9dcc58bfaca2daa59dd178b5fd9ed,packages/foam-vscode/src/features/panels/placeholders.ts,0,0,0,0,0,[]
foambubble/foam,0af6c4de15b9dcc58bfaca2daa59dd178b5fd9ed,packages/foam-vscode/src/services/editor.ts,0,0,0,0,0,[]
foambubble/foam,0af6c4de15b9dcc58bfaca2daa59dd178b5fd9ed,packages/foam-vscode/src/settings.spec.ts,0,0,0,0,0,[]
foambubble/foam,0af6c4de15b9dcc58bfaca2daa59dd178b5fd9ed,packages/foam-vscode/src/settings.ts,0,0,0,0,0,[]
foambubble/foam,70b11a921ab45c24cf882ca82d77b9f4d78d5b72,packages/foam-vscode/src/core/services/markdown-parser.test.ts,0,0,0,0,0,[]
foambubble/foam,70b11a921ab45c24cf882ca82d77b9f4d78d5b72,packages/foam-vscode/src/core/services/markdown-parser.ts,0,0,0,0,0,[]
foambubble/foam,70b11a921ab45c24cf882ca82d77b9f4d78d5b72,packages/foam-vscode/src/core/services/markdown-provider.test.ts,0,0,0,0,0,[]
foambubble/foam,f457b14ec0733ad72c66d9257575d687f1599701,packages/foam-vscode/src/features/panels/dataviz.ts,0,0,0,0,0,[]
foambubble/foam,5480c65a486ba5a353b602ac4126206edc195c35,packages/foam-vscode/src/features/panels/dataviz.ts,0,0,0,0,0,[]
foambubble/foam,9192cefc7c36a49123d29bbc9549791f3e1f36d0,packages/foam-vscode/src/features/commands/search-tag.ts,0,0,0,0,0,[]
foambubble/foam,c863586cd01c38b8316e5f69cd57c02feecab297,packages/foam-vscode/src/core/services/markdown-provider.test.ts,0,0,0,0,0,[]
foambubble/foam,c863586cd01c38b8316e5f69cd57c02feecab297,packages/foam-vscode/src/core/services/markdown-provider.ts,0,0,0,0,0,[]
foambubble/foam,c863586cd01c38b8316e5f69cd57c02feecab297,packages/foam-vscode/src/extension.ts,0,0,0,0,0,[]
foambubble/foam,c863586cd01c38b8316e5f69cd57c02feecab297,packages/foam-vscode/src/test/test-utils.ts,0,0,0,0,0,[]
foambubble/foam,a3b375e2489677b876050384e5d72cb6b98736e6,packages/foam-vscode/src/features/commands/update-wikilinks.ts,0,0,0,0,0,[]
foambubble/foam,a3b375e2489677b876050384e5d72cb6b98736e6,packages/foam-vscode/src/features/hover-provider.ts,0,0,0,0,0,[]
foambubble/foam,a3b375e2489677b876050384e5d72cb6b98736e6,packages/foam-vscode/src/features/link-completion.ts,0,0,0,0,0,[]
foambubble/foam,a3b375e2489677b876050384e5d72cb6b98736e6,packages/foam-vscode/src/features/navigation-provider.ts,0,0,0,0,0,[]
foambubble/foam,a3b375e2489677b876050384e5d72cb6b98736e6,packages/foam-vscode/src/features/preview/wikilink-embed-web-extension.ts,0,0,0,0,0,[]
foambubble/foam,a3b375e2489677b876050384e5d72cb6b98736e6,packages/foam-vscode/src/features/preview/wikilink-embed.ts,0,0,0,0,0,[]
foambubble/foam,a3b375e2489677b876050384e5d72cb6b98736e6,packages/foam-vscode/src/features/tag-completion.ts,0,0,0,0,0,[]
foambubble/foam,a3b375e2489677b876050384e5d72cb6b98736e6,packages/foam-vscode/src/services/editor.ts,0,0,0,0,0,[]
renovatebot/github-action,4d91b7f2862d2619cb03676f49a82e1de2ebe174,src/docker.ts,0,0,0,0,0,[]
renovatebot/github-action,4d91b7f2862d2619cb03676f49a82e1de2ebe174,src/index.ts,0,0,0,0,0,[]
renovatebot/github-action,4d91b7f2862d2619cb03676f49a82e1de2ebe174,src/input.ts,0,0,0,0,0,[]
renovatebot/github-action,4d91b7f2862d2619cb03676f49a82e1de2ebe174,src/renovate.ts,0,0,0,0,0,[]
matrix-org/matrix-js-sdk,1dee1ba5813aa220d295a3380c70454283d170d6,spec/unit/webrtc/mediaHandler.spec.ts,0,0,0,0,0,[]
matrix-org/matrix-js-sdk,1dee1ba5813aa220d295a3380c70454283d170d6,src/webrtc/mediaHandler.ts,0,0,0,0,0,[]
matrix-org/matrix-js-sdk,8703acb533cca054401856f9afde02a6f55eb213,spec/unit/matrixrtc/RTCEncryptionManager.spec.ts,0,0,0,0,0,[]
matrix-org/matrix-js-sdk,8703acb533cca054401856f9afde02a6f55eb213,spec/unit/matrixrtc/RoomAndToDeviceTransport.spec.ts,0,0,0,0,0,[]
matrix-org/matrix-js-sdk,8703acb533cca054401856f9afde02a6f55eb213,src/matrixrtc/EncryptionManager.ts,0,0,0,0,0,[]
matrix-org/matrix-js-sdk,8703acb533cca054401856f9afde02a6f55eb213,src/matrixrtc/MatrixRTCSession.ts,0,0,0,0,0,[]
matrix-org/matrix-js-sdk,8703acb533cca054401856f9afde02a6f55eb213,src/matrixrtc/RTCEncryptionManager.ts,0,0,0,0,0,[]
matrix-org/matrix-js-sdk,8703acb533cca054401856f9afde02a6f55eb213,src/matrixrtc/RoomAndToDeviceKeyTransport.ts,0,0,0,0,0,[]
matrix-org/matrix-js-sdk,b59603d7486996f9c9bae77efaf47720d1127208,spec/unit/matrixrtc/MatrixRTCSession.spec.ts,0,0,0,0,0,[]
matrix-org/matrix-js-sdk,b59603d7486996f9c9bae77efaf47720d1127208,spec/unit/matrixrtc/MatrixRTCSessionManager.spec.ts,0,0,0,0,0,[]
matrix-org/matrix-js-sdk,b59603d7486996f9c9bae77efaf47720d1127208,spec/unit/matrixrtc/MembershipManager.spec.ts,0,0,0,0,0,[]
matrix-org/matrix-js-sdk,b59603d7486996f9c9bae77efaf47720d1127208,spec/unit/matrixrtc/mocks.ts,0,0,0,0,0,[]
matrix-org/matrix-js-sdk,b59603d7486996f9c9bae77efaf47720d1127208,src/@types/event.ts,0,0,0,0,0,[]
matrix-org/matrix-js-sdk,b59603d7486996f9c9bae77efaf47720d1127208,src/matrixrtc/CallMembership.ts,0,0,0,0,0,[]
matrix-org/matrix-js-sdk,b59603d7486996f9c9bae77efaf47720d1127208,src/matrixrtc/MatrixRTCSession.ts,0,0,0,0,0,[]
matrix-org/matrix-js-sdk,b59603d7486996f9c9bae77efaf47720d1127208,src/matrixrtc/MatrixRTCSessionManager.ts,0,0,0,0,0,[]
matrix-org/matrix-js-sdk,b59603d7486996f9c9bae77efaf47720d1127208,src/matrixrtc/MembershipManager.ts,0,0,0,0,0,[]
matrix-org/matrix-js-sdk,b59603d7486996f9c9bae77efaf47720d1127208,src/models/room-sticky-events.ts,0,0,0,0,0,[]
matrix-org/matrix-js-sdk,ddd6e77cdefd1703415ea171398a2a6c6e9f4efa,spec/unit/models/room-sticky-events.spec.ts,0,0,0,0,0,[]
matrix-org/matrix-js-sdk,ddd6e77cdefd1703415ea171398a2a6c6e9f4efa,src/models/room-sticky-events.ts,0,0,0,0,0,[]
matrix-org/matrix-js-sdk,ddd6e77cdefd1703415ea171398a2a6c6e9f4efa,src/models/room.ts,0,0,0,0,0,[]
matrix-org/matrix-js-sdk,fd949fe486038099ee111a72b57ce711e85bc352,spec/unit/matrixrtc/CallMembership.spec.ts,0,0,0,0,0,[]
matrix-org/matrix-js-sdk,fd949fe486038099ee111a72b57ce711e85bc352,spec/unit/matrixrtc/LivekitTransport.spec.ts,0,0,0,0,0,[]
matrix-org/matrix-js-sdk,fd949fe486038099ee111a72b57ce711e85bc352,spec/unit/matrixrtc/MatrixRTCSession.spec.ts,0,0,0,0,0,[]
matrix-org/matrix-js-sdk,fd949fe486038099ee111a72b57ce711e85bc352,spec/unit/matrixrtc/MembershipManager.spec.ts,0,0,0,0,0,[]
matrix-org/matrix-js-sdk,fd949fe486038099ee111a72b57ce711e85bc352,src/@types/event.ts,0,0,0,0,0,[]
matrix-org/matrix-js-sdk,fd949fe486038099ee111a72b57ce711e85bc352,src/matrixrtc/CallMembership.ts,0,0,0,0,0,[]
matrix-org/matrix-js-sdk,fd949fe486038099ee111a72b57ce711e85bc352,src/matrixrtc/IMembershipManager.ts,0,0,0,0,0,[]
matrix-org/matrix-js-sdk,fd949fe486038099ee111a72b57ce711e85bc352,src/matrixrtc/LivekitFocus.ts,0,0,0,0,0,[]
matrix-org/matrix-js-sdk,fd949fe486038099ee111a72b57ce711e85bc352,src/matrixrtc/MatrixRTCSession.ts,0,0,0,0,0,[]
matrix-org/matrix-js-sdk,fd949fe486038099ee111a72b57ce711e85bc352,src/matrixrtc/MatrixRTCSessionManager.ts,0,0,0,0,0,[]
matrix-org/matrix-js-sdk,fd949fe486038099ee111a72b57ce711e85bc352,src/matrixrtc/MembershipManager.ts,0,0,0,0,0,[]
matrix-org/matrix-js-sdk,fd949fe486038099ee111a72b57ce711e85bc352,src/matrixrtc/focus.ts,0,0,0,0,0,[]
matrix-org/matrix-js-sdk,fd949fe486038099ee111a72b57ce711e85bc352,src/matrixrtc/index.ts,0,0,0,0,0,[]
matrix-org/matrix-js-sdk,fd949fe486038099ee111a72b57ce711e85bc352,src/matrixrtc/types.ts,0,0,0,0,0,[]
matrix-org/matrix-js-sdk,fd949fe486038099ee111a72b57ce711e85bc352,src/models/room-member.ts,0,0,0,0,0,[]
matrix-org/matrix-js-sdk,b84a73c7cc83e7802c217da26a012e37ef6c8397,spec/unit/models/event.spec.ts,0,0,0,0,0,[]
matrix-org/matrix-js-sdk,b84a73c7cc83e7802c217da26a012e37ef6c8397,spec/unit/sync-accumulator.spec.ts,0,0,0,0,0,[]
matrix-org/matrix-js-sdk,b84a73c7cc83e7802c217da26a012e37ef6c8397,src/@types/requests.ts,0,0,0,0,0,[]
matrix-org/matrix-js-sdk,b84a73c7cc83e7802c217da26a012e37ef6c8397,src/client.ts,0,0,0,0,0,[]
matrix-org/matrix-js-sdk,b84a73c7cc83e7802c217da26a012e37ef6c8397,src/errors.ts,0,0,0,0,0,[]
matrix-org/matrix-js-sdk,b84a73c7cc83e7802c217da26a012e37ef6c8397,src/models/event.ts,0,0,0,0,0,[]
matrix-org/matrix-js-sdk,b84a73c7cc83e7802c217da26a012e37ef6c8397,src/models/room.ts,0,0,0,0,0,[]
matrix-org/matrix-js-sdk,b84a73c7cc83e7802c217da26a012e37ef6c8397,src/sync-accumulator.ts,0,0,0,0,0,[]
matrix-org/matrix-js-sdk,b84a73c7cc83e7802c217da26a012e37ef6c8397,src/sync.ts,0,0,0,0,0,[]
matrix-org/matrix-js-sdk,d1d9aba745c754403b76bd6a6cb2aa8980f0b6c4,spec/unit/matrix-client.spec.ts,0,0,0,0,0,[]
matrix-org/matrix-js-sdk,d1d9aba745c754403b76bd6a6cb2aa8980f0b6c4,src/client.ts,0,0,0,0,0,[]
matrix-org/matrix-js-sdk,a08a2737e1c8968aa0bf95e719873527fa8b9bdf,spec/integ/crypto/crypto.spec.ts,0,0,0,0,0,[]
matrix-org/matrix-js-sdk,a08a2737e1c8968aa0bf95e719873527fa8b9bdf,spec/integ/crypto/olm-utils.ts,0,0,0,0,0,[]
matrix-org/matrix-js-sdk,a08a2737e1c8968aa0bf95e719873527fa8b9bdf,spec/test-utils/test-utils.ts,0,0,0,0,0,[]
matrix-org/matrix-js-sdk,a08a2737e1c8968aa0bf95e719873527fa8b9bdf,spec/unit/models/event.spec.ts,0,0,0,0,0,[]
matrix-org/matrix-js-sdk,a08a2737e1c8968aa0bf95e719873527fa8b9bdf,spec/unit/rust-crypto/RoomEncryptor.spec.ts,0,0,0,0,0,[]
matrix-org/matrix-js-sdk,a08a2737e1c8968aa0bf95e719873527fa8b9bdf,spec/unit/rust-crypto/rust-crypto.spec.ts,0,0,0,0,0,[]
matrix-org/matrix-js-sdk,a08a2737e1c8968aa0bf95e719873527fa8b9bdf,src/@types/state_events.ts,0,0,0,0,0,[]
matrix-org/matrix-js-sdk,a08a2737e1c8968aa0bf95e719873527fa8b9bdf,src/client.ts,0,0,0,0,0,[]
matrix-org/matrix-js-sdk,a08a2737e1c8968aa0bf95e719873527fa8b9bdf,src/crypto-api/index.ts,0,0,0,0,0,[]
matrix-org/matrix-js-sdk,a08a2737e1c8968aa0bf95e719873527fa8b9bdf,src/models/event.ts,0,0,0,0,0,[]
matrix-org/matrix-js-sdk,a08a2737e1c8968aa0bf95e719873527fa8b9bdf,src/rust-crypto/RoomEncryptor.ts,0,0,0,0,0,[]
matrix-org/matrix-js-sdk,a08a2737e1c8968aa0bf95e719873527fa8b9bdf,src/rust-crypto/index.ts,0,0,0,0,0,[]
matrix-org/matrix-js-sdk,a08a2737e1c8968aa0bf95e719873527fa8b9bdf,src/rust-crypto/rust-crypto.ts,0,0,0,0,0,[]
matrix-org/matrix-js-sdk,a08a2737e1c8968aa0bf95e719873527fa8b9bdf,src/sync.ts,0,0,0,0,0,[]
gnehs/subtitle-translator-electron,7650029e9aaa67fd770b58d3a6b728e6c9b5a19e,src/components/settings/Model.tsx,0,0,0,0,0,[]
gnehs/subtitle-translator-electron,6441c9c70af8f0e92105e08de91dbedd9cb493be,src/components/settings/API.tsx,0,0,0,0,0,[]
gnehs/subtitle-translator-electron,6441c9c70af8f0e92105e08de91dbedd9cb493be,src/hooks/useOpenAI.ts,0,0,0,0,0,[]
gnehs/subtitle-translator-electron,5819f642613f5d74cb019af8e185b454a4219226,src/components/settings/Model.tsx,0,0,0,0,0,[]
gnehs/subtitle-translator-electron,f602dc6b085f3fe326be21de7097f0d21dc8705a,src/components/translator/Preview.tsx,0,0,0,0,0,[]
sigle/sigle,0db79409e573a81dd9f7380367aa5eb7b4875f7d,apps/server/src/jobs/indexer/post/new-post.ts,0,0,0,0,0,[]
sigle/sigle,15a6bb93958230d778a59aa16bd0c1db8145c9bb,apps/sigle/src/app/(dashboard)/dashboard/migration/page.tsx,0,0,0,0,0,[]
sigle/sigle,15a6bb93958230d778a59aa16bd0c1db8145c9bb,apps/sigle/src/components/Explore/Posts/List.tsx,0,0,0,0,0,[]
sigle/sigle,e98d1e67dcc5f26b405b56866d952c5b9ea5151b,apps/server/src/lib/siws-auth.ts,0,0,0,0,0,[]
sigle/sigle,4506b2ded04a2ed30ff3513bed89c5430d02aac0,apps/sigle/src/components/Editor/extensions/SlashCommand/CommandList.tsx,0,0,0,0,0,[]
sigle/sigle,a9f81a6af4bc5975ad1fb402ec78f4c5bf3fae5f,apps/sigle/src/components/Editor/Settings/GeneralSettings.tsx,0,0,0,0,0,[]
sigle/sigle,d080fc975d9f9d6b86bffd35454be471f8409abc,apps/sigle/src/components/Editor/BubbleMenu/BubbleMenuLink.tsx,0,0,0,0,0,[]
sigle/sigle,d080fc975d9f9d6b86bffd35454be471f8409abc,apps/sigle/src/components/Editor/BubbleMenu/index.tsx,0,0,0,0,0,[]
sigle/sigle,d080fc975d9f9d6b86bffd35454be471f8409abc,apps/sigle/src/components/Editor/Settings/CollectSettings.tsx,0,0,0,0,0,[]
sigle/sigle,d080fc975d9f9d6b86bffd35454be471f8409abc,apps/sigle/src/components/Editor/Settings/EditorSettings.tsx,0,0,0,0,0,[]
sigle/sigle,d080fc975d9f9d6b86bffd35454be471f8409abc,apps/sigle/src/components/Editor/Settings/MetaSettings.tsx,0,0,0,0,0,[]
sigle/sigle,d080fc975d9f9d6b86bffd35454be471f8409abc,apps/sigle/src/components/Editor/extensions/Image/Component.tsx,0,0,0,0,0,[]
sigle/sigle,d7699c264d83c311e91c4ae292fe98e8bca7d675,apps/sigle/src/components/Dashboard/Settings/Metadata/UpdateProfileMetadata.tsx,0,0,0,0,0,[]
sigle/sigle,80624d4bff5b6a775c6b7d19ffd8d3fb7b948b7c,apps/sigle/src/components/User/ProfileHeader.tsx,0,0,0,0,0,[]
nolebase/integrations,34951d6b055a0a5ca6225b34903df45c281b3a57,packages/vitepress-plugin-thumbnail-hash/src/vite/index.ts,0,0,0,0,0,[]
nolebase/integrations,34951d6b055a0a5ca6225b34903df45c281b3a57,packages/vitepress-plugin-thumbnail-hash/src/vite/utils.ts,0,0,0,0,0,[]
nolebase/integrations,4692f2b4b2005db5de9aad0742fae8d4fac77621,docs/.vitepress/config.ts,0,0,0,0,0,[]
nolebase/integrations,4692f2b4b2005db5de9aad0742fae8d4fac77621,packages/vitepress-plugin-meta/src/vitepress/index.ts,0,0,0,0,0,[]
mrjono1/joi-to-typescript,7c666bc07d63f05c4dfe3cfe9881ca3800183ead,src/__tests__/basic.ts,0,0,0,0,0,[]
mrjono1/joi-to-typescript,2c2dc935a6354bd46e379075a11da39918de7aa3,src/__tests__/defaults/defaults.ts,0,0,0,0,0,[]
mrjono1/joi-to-typescript,2c2dc935a6354bd46e379075a11da39918de7aa3,src/parse.ts,0,0,0,0,0,[]
mrjono1/joi-to-typescript,ad6826c09cb24a91f63590edb825c7cd983e7d3f,src/__tests__/defaults/defaults.ts,0,0,0,0,0,[]
mrjono1/joi-to-typescript,ad6826c09cb24a91f63590edb825c7cd983e7d3f,src/parse.ts,0,0,0,0,0,[]
mrjono1/joi-to-typescript,daa79bc275d1183c21f939b3bfdcc62b03442fb4,src/__tests__/alternatives/alternatives.ts,0,0,0,0,0,[]
mrjono1/joi-to-typescript,daa79bc275d1183c21f939b3bfdcc62b03442fb4,src/__tests__/defaults/defaults.ts,0,0,0,0,0,[]
mrjono1/joi-to-typescript,daa79bc275d1183c21f939b3bfdcc62b03442fb4,src/__tests__/description/index.ts,0,0,0,0,0,[]
mrjono1/joi-to-typescript,daa79bc275d1183c21f939b3bfdcc62b03442fb4,src/__tests__/override.ts,0,0,0,0,0,[]
mrjono1/joi-to-typescript,daa79bc275d1183c21f939b3bfdcc62b03442fb4,src/parse.ts,0,0,0,0,0,[]
mrjono1/joi-to-typescript,daa79bc275d1183c21f939b3bfdcc62b03442fb4,src/write.ts,0,0,0,0,0,[]
mrjono1/joi-to-typescript,daa79bc275d1183c21f939b3bfdcc62b03442fb4,src/writeInterfaceFile.ts,0,0,0,0,0,[]
mrjono1/joi-to-typescript,de5d85070fe0323ff1c14d94fb28b6f607fb6ea2,src/__tests__/alternatives/alternatives.ts,0,0,0,0,0,[]
mrjono1/joi-to-typescript,de5d85070fe0323ff1c14d94fb28b6f607fb6ea2,src/__tests__/defaults/defaults.ts,0,0,0,0,0,[]
mrjono1/joi-to-typescript,de5d85070fe0323ff1c14d94fb28b6f607fb6ea2,src/__tests__/description/index.ts,0,0,0,0,0,[]
mrjono1/joi-to-typescript,de5d85070fe0323ff1c14d94fb28b6f607fb6ea2,src/parse.ts,0,0,0,0,0,[]
mrjono1/joi-to-typescript,49a5e37d4cbad7d5c26f75a42cc2a236fb63bdac,src/__tests__/alternatives/alternatives.ts,0,0,0,0,0,[]
mrjono1/joi-to-typescript,49a5e37d4cbad7d5c26f75a42cc2a236fb63bdac,src/parse.ts,0,0,0,0,0,[]
mrjono1/joi-to-typescript,a38c62d9b949527f65cbc46f9d4c71177635ea22,src/__tests__/alternatives/alternatives.ts,0,0,0,0,0,[]
mrjono1/joi-to-typescript,a38c62d9b949527f65cbc46f9d4c71177635ea22,src/parse.ts,0,0,0,0,0,[]
mrjono1/joi-to-typescript,f065ab4757f3ff76232a23836b4e4ecd2df4e55c,src/__tests__/alternatives/alternatives.ts,0,0,0,0,0,[]
mrjono1/joi-to-typescript,f065ab4757f3ff76232a23836b4e4ecd2df4e55c,src/parse.ts,0,0,0,0,0,[]
mrjono1/joi-to-typescript,43d58ee914640551ea05b17c32836c5e14cafe9b,src/__tests__/alternatives/alternatives.ts,0,0,0,0,0,[]
mrjono1/joi-to-typescript,43d58ee914640551ea05b17c32836c5e14cafe9b,src/__tests__/alternatives/schemas/OneSchema.ts,0,0,0,0,0,[]
mrjono1/joi-to-typescript,43d58ee914640551ea05b17c32836c5e14cafe9b,src/parse.ts,0,0,0,0,0,[]
mrjono1/joi-to-typescript,546335c6a2a26730bb611304e26d38f978535896,src/__tests__/alternatives/alternatives.ts,0,0,0,0,0,[]
mrjono1/joi-to-typescript,546335c6a2a26730bb611304e26d38f978535896,src/__tests__/alternatives/schemas/OneSchema.ts,0,0,0,0,0,[]
mrjono1/joi-to-typescript,546335c6a2a26730bb611304e26d38f978535896,src/__tests__/defaults/defaults.ts,0,0,0,0,0,[]
mrjono1/joi-to-typescript,546335c6a2a26730bb611304e26d38f978535896,src/__tests__/description/index.ts,0,0,0,0,0,[]
mrjono1/joi-to-typescript,546335c6a2a26730bb611304e26d38f978535896,src/__tests__/description/schemas/OneSchema.ts,0,0,0,0,0,[]
mrjono1/joi-to-typescript,546335c6a2a26730bb611304e26d38f978535896,src/__tests__/tuple/tuple.ts,0,0,0,0,0,[]
mrjono1/joi-to-typescript,546335c6a2a26730bb611304e26d38f978535896,src/parse.ts,0,0,0,0,0,[]
mrjono1/joi-to-typescript,546335c6a2a26730bb611304e26d38f978535896,src/write.ts,0,0,0,0,0,[]
yWorks/svg2pdf.js,3ca9c0c1f18b74850893d08dda0625aeb646160b,src/nodes/clippath.ts,0,0,0,0,0,[]
yWorks/svg2pdf.js,5f6be781e0e847063238c62106b146be76cee05a,src/nodes/text.ts,0,0,0,0,0,[]
yWorks/svg2pdf.js,5f6be781e0e847063238c62106b146be76cee05a,src/parse.ts,0,0,0,0,0,[]
yWorks/svg2pdf.js,5f6be781e0e847063238c62106b146be76cee05a,src/utils/bbox.ts,0,0,0,0,0,[]
yWorks/svg2pdf.js,0891c3891ab9d4e19e3034ae16b6d861c070854a,src/applyparseattributes.ts,0,0,0,0,0,[]
yWorks/svg2pdf.js,0891c3891ab9d4e19e3034ae16b6d861c070854a,src/context/attributestate.ts,0,0,0,0,0,[]
yWorks/svg2pdf.js,0891c3891ab9d4e19e3034ae16b6d861c070854a,src/context/referenceshandler.ts,0,0,0,0,0,[]
yWorks/svg2pdf.js,0891c3891ab9d4e19e3034ae16b6d861c070854a,src/fill/parseFill.ts,0,0,0,0,0,[]
yWorks/svg2pdf.js,0891c3891ab9d4e19e3034ae16b6d861c070854a,src/markerlist.ts,0,0,0,0,0,[]
yWorks/svg2pdf.js,0891c3891ab9d4e19e3034ae16b6d861c070854a,src/nodes/geometrynode.ts,0,0,0,0,0,[]
yWorks/svg2pdf.js,0891c3891ab9d4e19e3034ae16b6d861c070854a,src/nodes/gradient.ts,0,0,0,0,0,[]
yWorks/svg2pdf.js,0891c3891ab9d4e19e3034ae16b6d861c070854a,src/nodes/marker.ts,0,0,0,0,0,[]
yWorks/svg2pdf.js,0891c3891ab9d4e19e3034ae16b6d861c070854a,src/nodes/use.ts,0,0,0,0,0,[]
yWorks/svg2pdf.js,0891c3891ab9d4e19e3034ae16b6d861c070854a,src/utils/parsing.ts,0,0,0,0,0,[]
yWorks/svg2pdf.js,841c6e343d2721bd0dde6fff48c3e704d342865e,src/nodes/nonrenderednode.ts,0,0,0,0,0,[]
yWorks/svg2pdf.js,841c6e343d2721bd0dde6fff48c3e704d342865e,src/nodes/renderednode.ts,0,0,0,0,0,[]
yWorks/svg2pdf.js,841c6e343d2721bd0dde6fff48c3e704d342865e,src/utils/fonts.ts,0,0,0,0,0,[]
yWorks/svg2pdf.js,6f663a199b9f392e1eeb9559f8c8a52e2b65ada0,src/nodes/geometrynode.ts,0,0,0,0,0,[]
johnpapa/vscode-peacock,1cc279d3a663fe0732b93e7933b453b464f509d4,src/configuration/read-configuration.ts,0,0,0,0,0,[]
johnpapa/vscode-peacock,1cc279d3a663fe0732b93e7933b453b464f509d4,src/extension.ts,0,0,0,0,0,[]
johnpapa/vscode-peacock,1cc279d3a663fe0732b93e7933b453b464f509d4,src/migration.ts,0,0,0,0,0,[]
johnpapa/vscode-peacock,2579a568543090d409a995e4b26ffbfb9ae36067,src/apply-color.ts,0,0,0,0,0,[]
johnpapa/vscode-peacock,2579a568543090d409a995e4b26ffbfb9ae36067,src/configuration/read-configuration.ts,0,0,0,0,0,[]
johnpapa/vscode-peacock,2579a568543090d409a995e4b26ffbfb9ae36067,src/configuration/update-configuration.ts,0,0,0,0,0,[]
johnpapa/vscode-peacock,2579a568543090d409a995e4b26ffbfb9ae36067,src/models/enums.ts,0,0,0,0,0,[]
johnpapa/vscode-peacock,2579a568543090d409a995e4b26ffbfb9ae36067,src/models/interfaces.ts,0,0,0,0,0,[]
johnpapa/vscode-peacock,2579a568543090d409a995e4b26ffbfb9ae36067,src/test/suite/affected-elements.test.ts,0,0,0,0,0,[]
