repo_full_name,repo_clone_url,bug_fix_commit_sha
projectstorm/react-diagrams,https://github.com/projectstorm/react-diagrams.git,eb24c088c2a0429fa65d878231606e8a81aee438
projectstorm/react-diagrams,https://github.com/projectstorm/react-diagrams.git,1e84a03aa5816746714306900bc56779ee8a43fd
projectstorm/react-diagrams,https://github.com/projectstorm/react-diagrams.git,20766f539e81279344d5e1a7646cf7c2815e1835
projectstorm/react-diagrams,https://github.com/projectstorm/react-diagrams.git,c1fa7ee8653cac3b291e9f72d662c048e14ca0b8
projectstorm/react-diagrams,https://github.com/projectstorm/react-diagrams.git,b2fa6814947c6f34f83288a2c7f2ad1888fec858
projectstorm/react-diagrams,https://github.com/projectstorm/react-diagrams.git,d21e8e8860a93e840f8faf2b5bf20814dd980e99
projectstorm/react-diagrams,https://github.com/projectstorm/react-diagrams.git,889108d7fd2e4805b4ec82e5920a4887c8bceb60
projectstorm/react-diagrams,https://github.com/projectstorm/react-diagrams.git,cd2272510347f1c045042430b85d4a4201e6657d
projectstorm/react-diagrams,https://github.com/projectstorm/react-diagrams.git,ee30b45ff01a527fe65873c9f7cd22abe26c7027
projectstorm/react-diagrams,https://github.com/projectstorm/react-diagrams.git,36a3eddca72976ddda9cb6e766e0a957d9a84e1c
LogicLabs-OU/OpenArchiver,https://github.com/LogicLabs-OU/OpenArchiver.git,c2006dfa94db350a4b0e6f8c9c403f99cec6e3c0
LogicLabs-OU/OpenArchiver,https://github.com/LogicLabs-OU/OpenArchiver.git,399059a773a2523d47c85fd5c481fc5252e4e301
LogicLabs-OU/OpenArchiver,https://github.com/LogicLabs-OU/OpenArchiver.git,ddb4d561076ab01b1e8943004c3b001fe5f60fcb
LogicLabs-OU/OpenArchiver,https://github.com/LogicLabs-OU/OpenArchiver.git,42b0f6e5f1b5cfcfb6c97c3a1c3c2eef86958d89
LogicLabs-OU/OpenArchiver,https://github.com/LogicLabs-OU/OpenArchiver.git,6e1ebbbfd7e834a7e191e1e55214ef3ac94195ee
LogicLabs-OU/OpenArchiver,https://github.com/LogicLabs-OU/OpenArchiver.git,d372ef7566b5220fa0873f68b9421dcbae868c14
LogicLabs-OU/OpenArchiver,https://github.com/LogicLabs-OU/OpenArchiver.git,0a21ad14cd6707dfeba4ea909322e7b9bda5f41b
LogicLabs-OU/OpenArchiver,https://github.com/LogicLabs-OU/OpenArchiver.git,774b0d7a6bce52e523be68426724ed96970822e0
LogicLabs-OU/OpenArchiver,https://github.com/LogicLabs-OU/OpenArchiver.git,94021eab690d44f28c12cfd148e070e90c79c348
LogicLabs-OU/OpenArchiver,https://github.com/LogicLabs-OU/OpenArchiver.git,f1da17e484c36a7afbb8aca6c684cdb4dd07c9b7
Green-Software-Foundation/patterns,https://github.com/Green-Software-Foundation/patterns.git,0b1f3be73791dcdf0777dcf83913ba60d5e43ce2
Green-Software-Foundation/patterns,https://github.com/Green-Software-Foundation/patterns.git,bd166506e233320ff1d1f64f26d03a540f9927a5
Green-Software-Foundation/patterns,https://github.com/Green-Software-Foundation/patterns.git,ecd29db227a493e55a370fc74d3479d58aea50ce
Green-Software-Foundation/patterns,https://github.com/Green-Software-Foundation/patterns.git,c70d4f463edb00d91dbc0594501cc8ffa7e68680
Green-Software-Foundation/patterns,https://github.com/Green-Software-Foundation/patterns.git,3f1724b58287e7ee76dc8cb03c7e513e208b58ce
Green-Software-Foundation/patterns,https://github.com/Green-Software-Foundation/patterns.git,534f84fd81c29129ee215e7047258589f928ce3e
Green-Software-Foundation/patterns,https://github.com/Green-Software-Foundation/patterns.git,35ae8bb388a6aaff96c7c1174f592843574792c3
Green-Software-Foundation/patterns,https://github.com/Green-Software-Foundation/patterns.git,6bd03df0339eff19bcc1142031bf972ba25fe297
Green-Software-Foundation/patterns,https://github.com/Green-Software-Foundation/patterns.git,581a844ef5afd805f26d28aaab7e7204a3661af0
Green-Software-Foundation/patterns,https://github.com/Green-Software-Foundation/patterns.git,fe0be95f6a19b411e74d8916664ef75e8f7ff0dd
dsherret/ts-morph,https://github.com/dsherret/ts-morph.git,923182d3066e1010ae4c369ee6f27b05a5142350
dsherret/ts-morph,https://github.com/dsherret/ts-morph.git,f4d117f06fa22479a6303fc206bcb070adb5224d
dsherret/ts-morph,https://github.com/dsherret/ts-morph.git,e43677f77d33f0747674e3512f67738145a36217
dsherret/ts-morph,https://github.com/dsherret/ts-morph.git,e217b8de8ea4d63582e40f5b8185cd1b6fe9f86b
dsherret/ts-morph,https://github.com/dsherret/ts-morph.git,3e6ec465daf4f75891e83b427265c0350e1a0b6a
dsherret/ts-morph,https://github.com/dsherret/ts-morph.git,a7397a0254da6039aa611532f6a0bba88bb34a45
dsherret/ts-morph,https://github.com/dsherret/ts-morph.git,ef810977fd0b7397767618cea94c0d92565ffa44
dsherret/ts-morph,https://github.com/dsherret/ts-morph.git,3d41ded41f8b3bcf7e0277bd8554eeb9c07559e5
dsherret/ts-morph,https://github.com/dsherret/ts-morph.git,f4ed8878a2052e4e959205ed3e56c573133ca25c
dsherret/ts-morph,https://github.com/dsherret/ts-morph.git,84613e5146ca19c495153b9921dff65f5441865f
lintsinghua/XCodeReviewer,https://github.com/lintsinghua/XCodeReviewer.git,dac82d3cd0383bc0142211895edcec7367e51b40
lintsinghua/XCodeReviewer,https://github.com/lintsinghua/XCodeReviewer.git,2060b81b22f4759d5ecdf61395d3278f233f1ce2
lintsinghua/XCodeReviewer,https://github.com/lintsinghua/XCodeReviewer.git,ab5dfbd1f657f744c63573028a8ab30a97eeb957
lintsinghua/XCodeReviewer,https://github.com/lintsinghua/XCodeReviewer.git,66cbfa9629a707800a29e4f2c38da20089ab1161
lintsinghua/XCodeReviewer,https://github.com/lintsinghua/XCodeReviewer.git,a54b8da672bb5322d25f8d04e1f3e01c72598ce4
lintsinghua/XCodeReviewer,https://github.com/lintsinghua/XCodeReviewer.git,b4e111a5745ab5d153ad71c375670212e595b647
lintsinghua/XCodeReviewer,https://github.com/lintsinghua/XCodeReviewer.git,c13f26655702f16d397c0b8a58197646c2fcacdc
lintsinghua/XCodeReviewer,https://github.com/lintsinghua/XCodeReviewer.git,d9d2f8603fdff7139cfef4be50d7193ceb915391
SteamDeckHomebrew/decky-loader,https://github.com/SteamDeckHomebrew/decky-loader.git,86b5567d4eac84399245c9a71270d6142ee54ded
SteamDeckHomebrew/decky-loader,https://github.com/SteamDeckHomebrew/decky-loader.git,8f41eb93ef80bfbf3851ce8a82ea0f88c87e6c68
SteamDeckHomebrew/decky-loader,https://github.com/SteamDeckHomebrew/decky-loader.git,e22ba20d13d70f560f9428e435d68bd260dac0d0
SteamDeckHomebrew/decky-loader,https://github.com/SteamDeckHomebrew/decky-loader.git,02e8640ad477bc96bd9857a67a57a2953d0e9769
SteamDeckHomebrew/decky-loader,https://github.com/SteamDeckHomebrew/decky-loader.git,e63983dba912cbf88814d635785039f1b37c94c3
SteamDeckHomebrew/decky-loader,https://github.com/SteamDeckHomebrew/decky-loader.git,cbea1518ed1e88fde34e40a16a0e9c20e954a9f5
SteamDeckHomebrew/decky-loader,https://github.com/SteamDeckHomebrew/decky-loader.git,6e357ceecc86d60791eb8b8efcf6d182add36b63
SteamDeckHomebrew/decky-loader,https://github.com/SteamDeckHomebrew/decky-loader.git,b15392b5f260123e75cf5606b7d507838f1fb77d
SteamDeckHomebrew/decky-loader,https://github.com/SteamDeckHomebrew/decky-loader.git,b47ad69557f4a9223795ae296f7a476015932953
SteamDeckHomebrew/decky-loader,https://github.com/SteamDeckHomebrew/decky-loader.git,efac7bc397b8949f3748118469befab6b97aa45e
dezoito/ollama-grid-search,https://github.com/dezoito/ollama-grid-search.git,06594097aa3f29eda9899e6ba860995c1f307cb2
dezoito/ollama-grid-search,https://github.com/dezoito/ollama-grid-search.git,c1c025b7da524b392c05860f66223331ec1d88c6
dezoito/ollama-grid-search,https://github.com/dezoito/ollama-grid-search.git,01ce2616c010e6b670d5981cb97f036b3e3a218d
dezoito/ollama-grid-search,https://github.com/dezoito/ollama-grid-search.git,3e720146febb2324169c4bc3d318169560bfb8b0
dezoito/ollama-grid-search,https://github.com/dezoito/ollama-grid-search.git,4dc8b18915bc219288b96b2b272e3ff7e2b5f4fd
dezoito/ollama-grid-search,https://github.com/dezoito/ollama-grid-search.git,bd2c336cb83588e86e150ad1a923ec40f6da39b6
dezoito/ollama-grid-search,https://github.com/dezoito/ollama-grid-search.git,53d1ba882320215a05f6344ad0a709a72f999eea
dezoito/ollama-grid-search,https://github.com/dezoito/ollama-grid-search.git,b3f2d9e02dfbe7af2710cff087c70c2eaebea8ac
dezoito/ollama-grid-search,https://github.com/dezoito/ollama-grid-search.git,6463c0fd403af6b34113d21514b8f96f19a7fbbd
dezoito/ollama-grid-search,https://github.com/dezoito/ollama-grid-search.git,f49fbd87fc6c2b0eddeb3186d0688dbd1b5144c1
Kesin11/actions-timeline,https://github.com/Kesin11/actions-timeline.git,a45b19ec10e34958804d71b49d4c68f17f6b2d40
Kesin11/actions-timeline,https://github.com/Kesin11/actions-timeline.git,4d8f4016a184644af3690a7f3e7a2cda5ef19d79
Kesin11/actions-timeline,https://github.com/Kesin11/actions-timeline.git,ba065adee96259e7858096d007c5c044739527bf
Kesin11/actions-timeline,https://github.com/Kesin11/actions-timeline.git,b91042885b8ae9329bf91d2497828c410189c28f
Kesin11/actions-timeline,https://github.com/Kesin11/actions-timeline.git,ac6467ed94f6c7bfd738252ae9d12219b83e2a43
Kesin11/actions-timeline,https://github.com/Kesin11/actions-timeline.git,ad86aeda7c037b3ef34d0b1500252aebf5553c89
Kesin11/actions-timeline,https://github.com/Kesin11/actions-timeline.git,db7de342f24d16c37e77b14f26875ed8a8de5ca6
Kesin11/actions-timeline,https://github.com/Kesin11/actions-timeline.git,76e2af143de3f55ed1cb8a33e10540204f4886ec
Kesin11/actions-timeline,https://github.com/Kesin11/actions-timeline.git,ee03d6e5ab03474016a7a648d540f0e4cd5d7276
Kesin11/actions-timeline,https://github.com/Kesin11/actions-timeline.git,e39c6565c332a1c2178ce82840a577a64de589b5
denodrivers/sqlite3,https://github.com/denodrivers/sqlite3.git,7a0f51b27f211ded5ded15501e316f76237c6d3e
denodrivers/sqlite3,https://github.com/denodrivers/sqlite3.git,4dcda4e43895924c37353694e2f2817006bcf3d9
denodrivers/sqlite3,https://github.com/denodrivers/sqlite3.git,d8971820f250d387295f6947f382acefbb09d970
denodrivers/sqlite3,https://github.com/denodrivers/sqlite3.git,dc59c15c7d1c63b1155be475be07756e4e35feff
denodrivers/sqlite3,https://github.com/denodrivers/sqlite3.git,7d7ef31eed953d9a4d524f5ee50e4b4fdf1771e3
denodrivers/sqlite3,https://github.com/denodrivers/sqlite3.git,a0cb59f145a653961f955fa143909b5925927aba
denodrivers/sqlite3,https://github.com/denodrivers/sqlite3.git,8ccdeb21c8f32ea77bba011d6fa98c2fa1d4e5ce
denodrivers/sqlite3,https://github.com/denodrivers/sqlite3.git,a5a7b6cc48523f058319df2b722c6d88c3ea2d27
denodrivers/sqlite3,https://github.com/denodrivers/sqlite3.git,71e42af501eae6b20c17faa03e5e0006ce8b0854
denodrivers/sqlite3,https://github.com/denodrivers/sqlite3.git,c078d61a6bc80490e5600a4c8c23c90fb643f9e6
meshtastic/web,https://github.com/meshtastic/web.git,06cc266acde8ab680bb47e545928d44b9beea906
meshtastic/web,https://github.com/meshtastic/web.git,295755ec4ccc196e3a62daf2db9ca764a39ed533
meshtastic/web,https://github.com/meshtastic/web.git,390b46f02676213a0ee89f8aac18e0c918f20a4c
meshtastic/web,https://github.com/meshtastic/web.git,ac28fbc53d3ad84e3105bea79c4a83b77e717e18
meshtastic/web,https://github.com/meshtastic/web.git,0c8fcec23d477f2527e6e49721f32eaf4ec08ff7
meshtastic/web,https://github.com/meshtastic/web.git,2e03b4a4131335038d2641de9b16f18c9a98463f
meshtastic/web,https://github.com/meshtastic/web.git,7c9013a217dece28e3c37e0f199dc0619de9474c
meshtastic/web,https://github.com/meshtastic/web.git,ab0308701c20f00863f01b53609b12833cdb9ef4
meshtastic/web,https://github.com/meshtastic/web.git,d8ad0efcdf78fe2d0e903fbead32dc6080cd7ed0
meshtastic/web,https://github.com/meshtastic/web.git,2e60af1e298a9be8fa57c88c0c0e8f81285d2305
kobaltedev/kobalte,https://github.com/kobaltedev/kobalte.git,0f5b98e14a9cbbeb4e66db90560282b667dd4a32
kobaltedev/kobalte,https://github.com/kobaltedev/kobalte.git,0b00426408739d71a8cca8d20b17cb3829801af0
kobaltedev/kobalte,https://github.com/kobaltedev/kobalte.git,7f07b31f6bd9e3f6d903078f2b8b1100934ee682
kobaltedev/kobalte,https://github.com/kobaltedev/kobalte.git,8056e2b90e44ff74c49371091fb3509c92c70c6c
kobaltedev/kobalte,https://github.com/kobaltedev/kobalte.git,3f64e1235145f644c591534b8a736825eded4619
kobaltedev/kobalte,https://github.com/kobaltedev/kobalte.git,e1c3385acf3321acdc0c9e57af9d182455c5dcb0
kobaltedev/kobalte,https://github.com/kobaltedev/kobalte.git,53a39a8cf11d0ed57743ee8c77e8d52372045b94
kobaltedev/kobalte,https://github.com/kobaltedev/kobalte.git,cc633d02ec89b55127221d4ad08d45a98c30830c
kobaltedev/kobalte,https://github.com/kobaltedev/kobalte.git,62af8f15f39a641069c0d2736d6d1761e199392d
kobaltedev/kobalte,https://github.com/kobaltedev/kobalte.git,82923280705eaa16943824080424537c9770e358
cacfd3a/bibtex-js,https://github.com/cacfd3a/bibtex-js.git,dc776103b3fa310455b7fd728ae8970f77fde491
cacfd3a/bibtex-js,https://github.com/cacfd3a/bibtex-js.git,698cce7da85287790be8bfe6303f4d6b28c22448
cacfd3a/bibtex-js,https://github.com/cacfd3a/bibtex-js.git,7b2c7483540bb75fc760c6868a743db474ec4346
cacfd3a/bibtex-js,https://github.com/cacfd3a/bibtex-js.git,b1707a8833454a8df0228b9382a20e0372d6c5fa
cacfd3a/bibtex-js,https://github.com/cacfd3a/bibtex-js.git,d7e7c8bc712dc1350c284aaa0f7b11b85aaa51ae
cacfd3a/bibtex-js,https://github.com/cacfd3a/bibtex-js.git,0ff8a76a616d9cf8a29fab1ae576eeb6d7158ec7
cashubtc/eNuts,https://github.com/cashubtc/eNuts.git,bfebd1bbe5a65f4fca072685771f528f609dae28
cashubtc/eNuts,https://github.com/cashubtc/eNuts.git,1051517a0f0dc06fc75304d0071a367357b380da
cashubtc/eNuts,https://github.com/cashubtc/eNuts.git,82dd9aac30e88b5312bd66c92cb326bfcd73687a
cashubtc/eNuts,https://github.com/cashubtc/eNuts.git,c20d874a2ff5232b64ddfd3d472adb9b9d7517ad
cashubtc/eNuts,https://github.com/cashubtc/eNuts.git,29393c540c2e24800479e79471f843cc985ce3b9
cashubtc/eNuts,https://github.com/cashubtc/eNuts.git,89282cd174494c8a17bfa2d16148012f17e67c41
cashubtc/eNuts,https://github.com/cashubtc/eNuts.git,b7f3a2537b57b75e44eecf06ad5d1edc7c26c416
cashubtc/eNuts,https://github.com/cashubtc/eNuts.git,52e541121704a972f5c631d724c52d1d11bd3ff0
cashubtc/eNuts,https://github.com/cashubtc/eNuts.git,b6eda9d5c1a31bb082b3ba3efb40016d69f02a41
cashubtc/eNuts,https://github.com/cashubtc/eNuts.git,8867806dbed93a1dbb88d687238b7ee81318bd88
r-wasm/quarto-live,https://github.com/r-wasm/quarto-live.git,6ce307b5db9f8f4271690e5c4fb68fdc27ad2050
r-wasm/quarto-live,https://github.com/r-wasm/quarto-live.git,96ef3c587be60792eb2f6c1103ececff0300a878
r-wasm/quarto-live,https://github.com/r-wasm/quarto-live.git,a9e4b50260d8bd504f23bfdebd0b0ce28be617e2
r-wasm/quarto-live,https://github.com/r-wasm/quarto-live.git,21de5387a379755acd14e8894b8fe396d5737966
r-wasm/quarto-live,https://github.com/r-wasm/quarto-live.git,fb1acf22b3a97cdc97d5173d1bdf76d092925533
r-wasm/quarto-live,https://github.com/r-wasm/quarto-live.git,64eef9169c97c46f4dbfce823c66d57bb8980f21
r-wasm/quarto-live,https://github.com/r-wasm/quarto-live.git,624ea05f9fcf02cd28b43da965bc9c3e64c69e6e
r-wasm/quarto-live,https://github.com/r-wasm/quarto-live.git,81a8f1da125e644a29d056c32b78d0d92c52f58e
r-wasm/quarto-live,https://github.com/r-wasm/quarto-live.git,e8f35cb0fd3a13ba19bb98bc3a8ad2e47acc9b01
r-wasm/quarto-live,https://github.com/r-wasm/quarto-live.git,5df4c6a2aabf7036a3689679cccb98b4c958bdb6
hmans/composer-suite,https://github.com/hmans/composer-suite.git,09ec38096bd99c6c1a5f097235ced2861db76005
hmans/composer-suite,https://github.com/hmans/composer-suite.git,1aeda74e56908ae30589269ea5a3370e42e5b867
hmans/composer-suite,https://github.com/hmans/composer-suite.git,7a379c6f9828d3a3cec39b32a1475108b1e71b93
hmans/composer-suite,https://github.com/hmans/composer-suite.git,37098885e966e9c87fc18862ebec22817735a8a4
hmans/composer-suite,https://github.com/hmans/composer-suite.git,89819e8c210a13c749d11752184551e985d8048e
hmans/composer-suite,https://github.com/hmans/composer-suite.git,27d84ee39b364e34efc786858494c763be5f1f43
hmans/composer-suite,https://github.com/hmans/composer-suite.git,b5b39a6e1153eb7abbc0ecb50cb8d9c641af6c54
hmans/composer-suite,https://github.com/hmans/composer-suite.git,8c4a89f6a8c450687b61123ec6835707c2aec4cd
hmans/composer-suite,https://github.com/hmans/composer-suite.git,f11c008da8766c2843f81b9b8086988e25ed88a1
hmans/composer-suite,https://github.com/hmans/composer-suite.git,a69e84c88795c5a5ed9d94ed430a83228e330f23
Legcord/Legcord,https://github.com/Legcord/Legcord.git,8df00f39911f5b80bc58011b0f8625b41fb4fb58
Legcord/Legcord,https://github.com/Legcord/Legcord.git,4cbc2f613f6c2777ad6bbeca4f8ebc48f906d9aa
Legcord/Legcord,https://github.com/Legcord/Legcord.git,a43b8becf2db5716068cda74e8ea70eeda7070d2
Legcord/Legcord,https://github.com/Legcord/Legcord.git,71a73d9ac15b3c50c80f1a4cffd657f304da79a8
Legcord/Legcord,https://github.com/Legcord/Legcord.git,e68610a3ecee4235666fd170eb8021d8447bfa1c
Legcord/Legcord,https://github.com/Legcord/Legcord.git,552004bdadacd0f8aac62e67cd53ae40b11d1ed3
Legcord/Legcord,https://github.com/Legcord/Legcord.git,b55a0f58bae0c633498948ddab054f96da6da2d0
Legcord/Legcord,https://github.com/Legcord/Legcord.git,319c6f08130d7d54508b7abffe9cdef6f55def17
Legcord/Legcord,https://github.com/Legcord/Legcord.git,33256006ed7d1a7d2511b868306accb6db063a20
Legcord/Legcord,https://github.com/Legcord/Legcord.git,f2d9dc0fa9a422e9d7380d6bf7e67c492707f602
MaxGraey/as-bignum,https://github.com/MaxGraey/as-bignum.git,86d3236089d820cb49a16b9ad84dcad1ecfb4bc3
MaxGraey/as-bignum,https://github.com/MaxGraey/as-bignum.git,eef1e8d31e9878a6062b2142eeb2be0d67cc79cf
MaxGraey/as-bignum,https://github.com/MaxGraey/as-bignum.git,f81113b7a37f1612c873cb3c73adbc277c1c3152
MaxGraey/as-bignum,https://github.com/MaxGraey/as-bignum.git,94d680edea36edcaedc57c65de4e040a72d4bd52
MaxGraey/as-bignum,https://github.com/MaxGraey/as-bignum.git,c61640b2cf53bad07f5cc4ad7b55009f884e6139
MaxGraey/as-bignum,https://github.com/MaxGraey/as-bignum.git,ddf026d72f3455fd1c0f86ca3cea18fc6f26d0f5
MaxGraey/as-bignum,https://github.com/MaxGraey/as-bignum.git,a808cba290d5db1e0b2212d79c432ae3c40449bd
MaxGraey/as-bignum,https://github.com/MaxGraey/as-bignum.git,4efe41668deb2e8d1e72137acb6701183d62ec21
MaxGraey/as-bignum,https://github.com/MaxGraey/as-bignum.git,5b7f223ab2f7f2cb25fd4536b725ff11b0c49e01
MaxGraey/as-bignum,https://github.com/MaxGraey/as-bignum.git,db27364adfeb461b846e915267b94e9a72ba78b4
shoelace-style/webawesome,https://github.com/shoelace-style/webawesome.git,200b02f023c9f3e5d2ffd09bb1550b22eff16428
shoelace-style/webawesome,https://github.com/shoelace-style/webawesome.git,1429095eed39be077453e90af126889720e98a3d
shoelace-style/webawesome,https://github.com/shoelace-style/webawesome.git,9706964511e91b42e759044dda87988f0c854ec2
shoelace-style/webawesome,https://github.com/shoelace-style/webawesome.git,e2f2a8a0d30f1e743855235f0b2da67727a182fa
shoelace-style/webawesome,https://github.com/shoelace-style/webawesome.git,2491ca45ac0c3ff26de55a10ab80952110212670
shoelace-style/webawesome,https://github.com/shoelace-style/webawesome.git,634828d89a45c5a1641204304efaeb4e18ddac19
shoelace-style/webawesome,https://github.com/shoelace-style/webawesome.git,17fd3d238c71250cbc998694cd0050fdbce831a6
shoelace-style/webawesome,https://github.com/shoelace-style/webawesome.git,4069360242773b57c04116fa4d35af38d604abfb
shoelace-style/webawesome,https://github.com/shoelace-style/webawesome.git,8c51c5b9336725a9c92e801ce3dc43f7ee73b3f7
shoelace-style/webawesome,https://github.com/shoelace-style/webawesome.git,9d6ded49b9fcd456cddb0c4df1782ea61cee820e
textlint/editor,https://github.com/textlint/editor.git,d495b8a71396dde6bcb2632e8e9ae91f43c128b8
textlint/editor,https://github.com/textlint/editor.git,346b0feb21cab64d3417d120fded9e8f4e6ac492
textlint/editor,https://github.com/textlint/editor.git,6802925878526bb0b8ec41de02635675017b92a6
textlint/editor,https://github.com/textlint/editor.git,2b0d787186fb9976f7ce959683e4abecbb6bf5ab
textlint/editor,https://github.com/textlint/editor.git,68d503c7226da0abe55d9bd2b0e2472ae1adc98d
textlint/editor,https://github.com/textlint/editor.git,a2ba54af2cf13ee3c131ebbb6bdc22aebac6051d
textlint/editor,https://github.com/textlint/editor.git,33a0c257cd08b20b6d596f698d8ddc63d7c9eec6
textlint/editor,https://github.com/textlint/editor.git,e41783f24ff4014b82f9147c4082a301acbd5155
textlint/editor,https://github.com/textlint/editor.git,02996e329e1a18b523698e977a383ac5e39deb17
textlint/editor,https://github.com/textlint/editor.git,4a48dccc01f581138a5a7b11b764b95d914a1801
alpaylan/tail,https://github.com/alpaylan/tail.git,e1db42876451267061f94d9c9ee99414ae8979cb
alpaylan/tail,https://github.com/alpaylan/tail.git,b774824f0a90cae34d9ebcbf5558a4da7777c8c8
alpaylan/tail,https://github.com/alpaylan/tail.git,8bdea81d533bd89b4815c7e4c1591739c24b8bcf
alpaylan/tail,https://github.com/alpaylan/tail.git,8ed0e77307ad6c5cbb968fc3786e5af18f5fabd8
alpaylan/tail,https://github.com/alpaylan/tail.git,0cee79aacb00e2c995e9d60f40e4a659ceacaf92
alpaylan/tail,https://github.com/alpaylan/tail.git,989099ac90db3bd4ad5958d53652da634ffa1a95
alpaylan/tail,https://github.com/alpaylan/tail.git,ae1d6a26efb5271d3022511232a624e7e19c5cb9
alpaylan/tail,https://github.com/alpaylan/tail.git,af94b51874b225636df54bcef5b542336790ff57
alpaylan/tail,https://github.com/alpaylan/tail.git,e2a61a587e5b40e72e5776a8b19e9af4ce1e7628
mebjas/html5-qrcode,https://github.com/mebjas/html5-qrcode.git,53ec53832a708dde6332d8dd4efa3dca734d981e
mebjas/html5-qrcode,https://github.com/mebjas/html5-qrcode.git,600717ed6b409164b07e8e630beac9846b1eecf3
mebjas/html5-qrcode,https://github.com/mebjas/html5-qrcode.git,a369dbf850796a488216331260f95796baa0103b
mebjas/html5-qrcode,https://github.com/mebjas/html5-qrcode.git,0b03d2a769f0d35f0b06fd0167b62f51ee60c57b
mebjas/html5-qrcode,https://github.com/mebjas/html5-qrcode.git,5d108653be5181417d06c254e1a50d720def8a97
mebjas/html5-qrcode,https://github.com/mebjas/html5-qrcode.git,eff1c71662d43c2957ed15ea99574f9ba9738ec1
mebjas/html5-qrcode,https://github.com/mebjas/html5-qrcode.git,dcd776e208cb321ac2c0c409b16faddae8577ebe
mebjas/html5-qrcode,https://github.com/mebjas/html5-qrcode.git,4a9a039f12164d8e94e115c56fd096efa835d10b
mebjas/html5-qrcode,https://github.com/mebjas/html5-qrcode.git,9dfb1a36daf56e09e4c8e1f9e572868d0c8af108
mebjas/html5-qrcode,https://github.com/mebjas/html5-qrcode.git,9c5c54c02bf543c2279f5c8d9ba6277f03fd56a6
sveltejs/language-tools,https://github.com/sveltejs/language-tools.git,6f08d6665ebe1a6a1f86c1a405894ce9bec3b1ec
sveltejs/language-tools,https://github.com/sveltejs/language-tools.git,654692354292fadfbcdec9d72e551b423dd2bfd8
sveltejs/language-tools,https://github.com/sveltejs/language-tools.git,6a8ef1aac4427ae837b537163049c9312504b4b1
sveltejs/language-tools,https://github.com/sveltejs/language-tools.git,04d52b7a3f5ca72ca2e89f5d15d283c33813d332
sveltejs/language-tools,https://github.com/sveltejs/language-tools.git,cadf62e54eec9fd352a7a81193a4a9062f492437
sveltejs/language-tools,https://github.com/sveltejs/language-tools.git,6ad05e5b10d14ffe37124059f74a564d61da8045
sveltejs/language-tools,https://github.com/sveltejs/language-tools.git,7468286afd56b886f5490adebe6f667306d0fe08
sveltejs/language-tools,https://github.com/sveltejs/language-tools.git,71c0d988ad45222d25677d5d1a8f3ad1d19ea1a2
sveltejs/language-tools,https://github.com/sveltejs/language-tools.git,b46704549331172845b814c63c4020e16eb2ccb1
sveltejs/language-tools,https://github.com/sveltejs/language-tools.git,ec7be4bf74e85e36cbcf269aba5bf78a266fdd87
trivago/prettier-plugin-sort-imports,https://github.com/trivago/prettier-plugin-sort-imports.git,c42a081c45934daae541f1fde71984905acf0204
trivago/prettier-plugin-sort-imports,https://github.com/trivago/prettier-plugin-sort-imports.git,63fe3f5b26a2fe2eea206cb6d6b4ac29472ff894
trivago/prettier-plugin-sort-imports,https://github.com/trivago/prettier-plugin-sort-imports.git,c3c6ce0957bb869db7df45ad96531c5650b047bd
trivago/prettier-plugin-sort-imports,https://github.com/trivago/prettier-plugin-sort-imports.git,fe88d2d963feb966beb9f324d3437a228d27cb18
trivago/prettier-plugin-sort-imports,https://github.com/trivago/prettier-plugin-sort-imports.git,720d8c202ea5c8916eefb151541075033e5083f6
trivago/prettier-plugin-sort-imports,https://github.com/trivago/prettier-plugin-sort-imports.git,7f45bd96581e59b0cac2e14c29b2b29b7b9f3d3a
trivago/prettier-plugin-sort-imports,https://github.com/trivago/prettier-plugin-sort-imports.git,3c1bf47f1869cab39c4315b88bce2f15bf4852af
trivago/prettier-plugin-sort-imports,https://github.com/trivago/prettier-plugin-sort-imports.git,8a942912d8d0b604c4d1abd70856b5cbbddac33d
trivago/prettier-plugin-sort-imports,https://github.com/trivago/prettier-plugin-sort-imports.git,39d08251641fad09a13c1d55d9c8cad008d4ff07
trivago/prettier-plugin-sort-imports,https://github.com/trivago/prettier-plugin-sort-imports.git,90054386183004579c465462366ad5d5936fc8da
epicweb-dev/cachified,https://github.com/epicweb-dev/cachified.git,4041fd14c4eca37e1860b445fe9552aee454b148
epicweb-dev/cachified,https://github.com/epicweb-dev/cachified.git,b21a54a0611f8ad323f40173dae0d0a5f16a16f5
epicweb-dev/cachified,https://github.com/epicweb-dev/cachified.git,e2e1d24cc66a9dbdd14786187d398e9b561b9db1
epicweb-dev/cachified,https://github.com/epicweb-dev/cachified.git,ac3db117f5c6a35ec9d208ef3670fb5f5a629680
epicweb-dev/cachified,https://github.com/epicweb-dev/cachified.git,b038f3ab7e517abacb846246651b8c6a4f98833f
epicweb-dev/cachified,https://github.com/epicweb-dev/cachified.git,0a66e49f278cc976e6f1dadd18d71f1299bede2f
epicweb-dev/cachified,https://github.com/epicweb-dev/cachified.git,7869a34a1a3ef7d898682dcb942328695da7a33b
epicweb-dev/cachified,https://github.com/epicweb-dev/cachified.git,51112489abe3ef78d34d37c90e9d47fa98939976
epicweb-dev/cachified,https://github.com/epicweb-dev/cachified.git,58f58bfd2c81633f57c4ffeebb598277e32594b7
epicweb-dev/cachified,https://github.com/epicweb-dev/cachified.git,b4831fe288d6b26819f39132bad9f84ecdd54dca
sandstone-mc/sandstone,https://github.com/sandstone-mc/sandstone.git,8bae5ed3fa27cca026e1aa1dfe6916980962a0bd
sandstone-mc/sandstone,https://github.com/sandstone-mc/sandstone.git,738fa2e85c97a99b3eb9acac253e54f571540399
sandstone-mc/sandstone,https://github.com/sandstone-mc/sandstone.git,a6b5db70c5c9518cde4d0103043a06dfe7ba5219
sandstone-mc/sandstone,https://github.com/sandstone-mc/sandstone.git,f40f8387a8fe0894c8e7d12d5d936a77d3485c63
sandstone-mc/sandstone,https://github.com/sandstone-mc/sandstone.git,d919cfc514707c920fe4f163a9d18431d214bc37
sandstone-mc/sandstone,https://github.com/sandstone-mc/sandstone.git,0cb5c46ec7d9f8678a07e15559b3d855a5a25c20
sandstone-mc/sandstone,https://github.com/sandstone-mc/sandstone.git,580e514a9eafd81eb673a75eafdb292cd4c28d1c
sandstone-mc/sandstone,https://github.com/sandstone-mc/sandstone.git,32208f0cd6e4a600e80b14fe196708dadde60f05
sandstone-mc/sandstone,https://github.com/sandstone-mc/sandstone.git,f4ac5e6488b1f0780e9aa7bb229a3302a2fd99e4
sandstone-mc/sandstone,https://github.com/sandstone-mc/sandstone.git,3025edc4ea6d0ea9afb368b0fb713396d824d430
